1.51702088763594 2.23555088351087 5.68260023406294 1.60341048637086 0.29578714231833 1.48960685806719 6.27179450995807 3.42132050820916 5.24853356349377 2.77796607609927 2.70596736334157 0.52780865920150 5.34838149257901 3.20363901889994 0.76549050319940 4.76242793870431 3.80928916237708 1.47220326581323 4.94261995858999 5.51781052964093 6.27092888585500 1.86842960735920 1.12473024122250 2.86867489320789 5.51767631211789 0.16062842555065 2.67508591910305 1.94746272172543 0.27864403831491 3.96170894785542 2.46445623973244 4.82673503092654 3.63073816819418 4.92544148165596 2.60432528472445 0.99565073099747 4.23200139873003 3.25473408243220 1.27532761190404 0.04495397284545 1.47976525523266 3.09107682868829 0.38476736674324 5.70126400513731 4.28886862396714 5.72113903364177 3.82012331903219 1.86707899852416 1.22145659075573 5.48463399624846 4.17141096447794 1.87055851874592 3.59796502386699 0.55147201740948 1.77443957517729 5.15784213093641 6.07877537589581 5.52196087319848 0.20168986406905 2.89413160093147 3.90446293181859 2.37900438229629 4.23425787461579 1.81119032376977 4.69613339802191 5.34365712632157 1.91068152812632 0.60009549437624 2.50392371790854 3.30438333568544 3.12882860169882 1.99777322875198 1.49038968023896 4.19460865651061 3.46359201420278 1.81151794390327 1.58821343997261 5.62215142588316 3.91601838430842 3.12343565487798 2.07917484512446 
1.18204332370314 4.63370802296980 4.74451630559766 2.68991034247903 0.28000726252974 3.15293842652418 3.69914191336900 1.07608782756656 5.74278198052499 5.21780111838526 6.08439392224317 0.92599286139012 4.90851641638311 2.81655802523190 4.71797386182918 5.69012329265834 0.04208951288703 3.12542713769915 3.84476364048063 4.76538038596415 5.33002425029724 1.94194731398382 4.22993396910405 4.16199778507052 4.72225343823619 4.52808708134593 0.54267028295278 1.15203721253253 5.33652522939642 0.14175538346192 0.82533840253089 4.57192227638320 1.02345277997934 2.27605509488509 4.33873222027135 5.39296993964805 2.95580729865450 1.62140821044284 4.71401738259667 4.58195339555157 1.69054973668570 2.66581422656026 3.86473596679000 5.05288373782900 2.07254378389357 2.92954545284478 2.87451309890478 2.34622721138663 0.68877209566818 5.46825458517372 4.27231066989285 0.60146844823588 5.30621894427428 2.52380748104188 3.25046408004740 3.56145564748132 4.27633943376128 0.42489390529716 3.63410595137122 2.45052871956206 3.76309449520040 6.22810298544820 2.40202033283658 4.53403443814740 5.72994189694975 0.54990025010795 5.54752218179894 5.60317287631623 2.45867707726562 5.02364126472165 4.05668834647478 5.89827354518108 3.79948801205229 4.71459463357191 2.70914169460083 0.02053248833289 4.97852505222687 2.66913744277624 4.98542735856939 2.32123719755511 3.34434361586502 
4.47359802390295 3.58487499163210 4.71550856677100 0.28225259983553 4.36309336239349 3.01250909127429 2.69527522162237 0.09235975725428 2.51541396275967 2.60215307187446 4.24537844086365 2.38624632680789 3.34976526058683 6.20234297309967 5.65353529199999 0.47662885237782 1.97457089465851 3.07274303868142 4.26014229438683 1.31748461108377 5.84626328713614 0.06538304169829 2.52383982361153 5.14141301918087 5.59558177399798 0.57014873871892 3.73253474162709 3.40994293328011 1.27879988743672 6.25602972323084 4.14132920914396 5.96468782913537 5.96056425465766 3.30784465138499 0.34162829883498 2.78522142180453 0.32008542727991 0.40441490939587 0.40009506646587 6.17359486754060 0.23875393956812 2.84854886793031 0.87348509373144 0.50199452991590 3.71763212176630 3.24974305684520 2.22380700684256 1.11087189264449 6.11216542796215 2.25017839352693 6.02022791624317 2.23484453125921 3.13358121162334 3.61211211195335 2.74792240318993 3.64259530686206 3.26236241991395 2.61275120231019 1.52866921517686 4.93190519579879 3.38931007909429 0.59758700297048 5.22005140796088 1.27082933750818 5.47307330690680 0.24780409532162 3.95516829186329 0.48614548720021 5.12663798687608 1.52888100953487 0.02669675090525 5.81426772024511 0.32400939984546 0.26056270378860 3.09761793834701 1.28963183848428 0.30975728563527 2.00017322447550 4.18020991567538 1.76126184695469 2.72536051846258 
1.56980797582562 3.89451690344464 3.97411143834205 0.54937206850527 5.84225971780185 5.49309128660112 6.14310933604120 4.16310507783616 1.04738459470999 3.69569751667072 4.82899358230347 6.01318999634709 2.82471332586599 2.96982733832536 5.52227050458068 4.91511801435894 2.67700714975232 0.87357670069968 2.85169754540120 5.42906800024126 5.14836534053479 3.69272378505571 4.48752251943921 1.57216907682028 3.07125019698366 3.17881350867219 0.82645576658105 3.25509930404255 5.09720949768667 1.75250233359666 4.11724726721244 4.07023231090334 2.39671663036702 1.35036604439405 0.66546147314802 5.67498799684045 1.55889388061875 3.83480830279616 3.96265573283064 3.51622197264429 2.86979814298208 5.87892570987571 3.85116800029991 0.94820341813983 0.99182070402082 0.04524392528662 0.00241555214126 4.49974953571530 0.64515677256290 0.00257288483848 4.36040720824811 0.65405649070976 3.82578978522135 1.23683605329712 1.25997259116827 2.05849773947735 4.55581908029158 0.38614653221108 3.23239012091483 4.29963229591589 1.83144709463305 0.49468222265099 4.89802832796757 1.67500431083782 5.34695889492689 1.58397565291295 3.45199192768688 0.33810118446814 1.41665034052346 3.25922261281560 2.10033225333939 1.99482981487554 2.61776962162882 3.06514053399836 4.83067438708732 2.24376720704751 1.70398454794419 3.09655138130577 1.07447114086354 1.18487107521665 3.63299739724312 
2.62889719042144 4.91865107369015 4.81419150852499 3.89656173244041 5.84202259939846 5.68997412427211 3.56286703482011 3.43980224904555 1.72541850229062 6.09772079022607 1.29322647642281 5.79623012598997 5.45499316266638 1.26661304841782 5.08254936537866 0.42399161254311 4.97146597122652 6.14189031259708 3.72872148913659 4.95017070017329 4.74607912638703 1.61780862695009 0.31688741915663 0.63642207679659 1.83118865495872 3.34373778940305 5.44390035301259 4.43144256048851 1.98112729007253 1.53048567329936 1.05168138843676 0.95136043317771 6.20185719390313 1.12335935867559 5.45368750261525 0.60754155631328 5.16009148064258 1.55209036251532 1.75852886271531 5.40778752322151 5.87584452533468 4.00854218014762 2.85959812917947 2.03879645463425 0.74106170571772 5.54253078942047 2.52545019661796 0.35572931825633 1.09161740359272 4.17508284175601 4.87538807953494 3.29321896077748 2.02526141821448 0.01149975943476 2.72148154081870 3.34788474227631 4.79162151968468 4.86636840979633 4.15517046658977 4.19618643696077 5.08162549057985 5.32097902926833 3.12416676199610 1.84635708228719 2.97099453904255 4.14844026290441 1.92024805732306 2.47005999830078 0.79654327748146 1.93686451674742 0.90037403652226 1.04619320650720 0.74231294269082 5.52873607784063 1.99263245183972 1.62201590352398 4.33156317924768 3.37546014138624 5.69266168623421 5.73549494072613 5.89549866975967 
5.09157684669208 2.20009233458743 2.05277101721390 2.18070882437843 0.86667072610592 5.65888755559394 6.18544651721617 2.54033343928835 1.54528329602466 5.23120109835684 3.15510399664506 0.77082714368320 3.89512816505622 1.30541966324952 4.81512743654031 5.74049537248492 5.52655604645907 2.69920201414613 4.57542389084524 1.04772295403964 5.82974921661476 5.98711622971689 3.02778060765061 4.80804281650748 4.45818907592795 0.07890388599336 1.37787398091729 3.95278088432964 2.12499172640768 0.57119127807296 4.65733979466690 2.04897892716086 2.11184396100202 5.05197258980881 5.93938492132090 3.42233093860676 2.81462726003451 3.45925601369177 4.01933703525309 1.96738031734998 0.46278178944480 1.82206204388991 0.74636628761890 3.71400920542896 1.25823771386867 4.15366999465340 4.58704161485416 3.33678226240483 4.56071449137118 5.43191849176764 0.72962211556368 2.98454957070709 1.14483725841072 5.83913073053618 3.62947988125963 3.94203201743586 1.07509480146907 1.87481988335716 3.83333106577134 0.19337381763430 0.07306380420032 0.77208783148002 3.89393285048093 2.68460080846278 1.80000057768849 2.90385372476087 0.92235974522528 5.04698805346091 0.42907679754109 2.83870882010314 5.56506138670963 5.06005005422301 1.97069665081666 3.75423084354464 4.39728950533539 0.01060678760491 2.49741566469634 4.39856119138152 2.73151848953265 3.28279397578594 2.73589477592295 
5.00977737672152 5.45229607181496 3.90127272094102 4.31546325213233 3.52422427736143 0.98377417716794 4.57331404954375 6.27830327134524 0.17832596668385 3.76670100380300 3.71286070092402 4.51624794719032 0.02311288613050 5.79661678415113 1.18384985491532 5.73392590266495 3.36192958940329 1.24978097651810 0.79884860544544 5.02791652032832 0.38763976429503 3.52307126662208 2.40530515728868 5.47230886972577 3.69809124554420 2.45810968657959 1.91680628729350 5.01513087378044 4.38825428880224 2.71861429471523 0.85803550424521 1.42846137608558 1.47958213718593 6.06474308546356 1.22139703593820 0.83118446213618 5.06507302766586 3.34330506134010 4.07238715533645 3.08990850868165 4.33539346924508 1.69188702175132 2.72650077011368 5.03883671562377 0.76666831965360 4.21708746910709 2.08673077499522 5.66688792675886 2.72829603287596 0.86994845820028 5.50555863364223 4.12523923781825 0.73445798459358 0.38370650572813 5.16494529238690 1.81835603255084 2.50685458427436 5.07767575950824 1.59020248932938 2.63286495974542 4.76286390929279 4.57545470164761 3.38252858595490 4.52343790669755 4.30388631388151 4.69418032650421 5.17619921752675 2.42230773697052 2.27898239200714 1.99380299839971 3.16617236153541 1.15409732514501 3.40345438941379 3.43300516325170 3.48141514061034 1.18795194980449 5.93460754484963 4.97386899908361 1.90239762038600 2.32389815342432 1.61412035657856 
4.34056359847244 3.64212472873343 3.89136546475763 5.99060070670684 4.93982364827768 3.72921863483916 4.35816290067873 1.49073582172377 2.75221866201577 3.93156119419059 2.08898740428380 3.84361628911880 3.85403304208822 4.81188739435898 3.80116347820182 4.29238388259062 4.93060454272423 5.86583746535662 2.04241293643518 4.13021759301463 2.20794793748334 1.06287574327717 0.27724135789696 3.05488171362823 1.85315802218571 4.95058129543476 4.51981210327973 3.82761247616502 5.89618676924580 3.72148006811100 0.36649464843685 3.81702172755604 0.59795781722492 4.77806162408188 2.05054466988912 0.46710773662748 5.76581675955391 0.11502685833927 1.80836762800941 0.47239670631506 2.46415879999139 0.19034214782094 4.49015940156437 1.36409718951921 5.51549111898899 1.01939157333856 4.62828595481718 2.82916752518668 0.59868840686640 1.92162385915449 2.00383112046690 1.17985077864403 3.47715101069983 6.04804884769850 0.75928389560520 6.09790018886574 4.07611067517046 0.57137281586717 3.45050098623717 3.80577066048529 3.86421523466358 6.08181169148542 2.23750126090953 2.36554100306486 3.68841275411855 5.62613220039031 0.84563090123060 4.65460606018880 4.83506203600701 6.05002467474833 5.84398238597235 5.74106410788203 3.56823386440336 3.91082382392814 4.82546592682487 1.42572407929816 3.36209005143683 2.81313065143248 5.79813851825742 5.69813583646689 1.73612050826925 
0.40827401275118 2.23404316931835 6.13030952947961 0.45325486144577 5.88901370344488 0.18588249146061 0.01859499655948 2.61586009769805 2.99095612410522 1.80490957278977 6.13352375412680 4.77417984933456 3.42683962509078 6.20071194210092 2.62622886631039 3.79689249835538 3.15073232848393 0.63002069876211 4.39679546712517 4.89781219201252 2.80012912237254 5.61445162556904 4.25942469207880 2.47799591106081 0.90367831402560 2.69520471948897 2.05550800290243 3.00688649497349 0.65129443938922 1.14555319877371 2.86972340750052 5.15080797069731 3.87093859415142 5.94471331179244 2.80100164751165 2.91702520738187 4.85887419428965 3.52819095744547 3.02936922859149 4.52671279856941 3.15795791726351 1.55370055108655 1.09033630066477 4.15426594146128 2.27506167219155 2.71847867456857 2.45183677623479 3.96915793436282 6.25553878499891 6.25288464778285 6.18373831592228 5.47984956909625 1.78137043158181 3.63120283685200 5.87293006244307 5.75098060320883 2.64605104680021 6.16963140782534 5.70552642057055 4.80128862231942 3.31981161981841 2.08606904889027 4.47812277222552 2.73938313690884 1.49174284164081 4.89601111505717 3.65562962218295 0.93568513207677 0.22608466967267 3.65838758505978 5.05632619380557 4.78360129773864 2.95275660398892 4.02808163409608 2.37114215646619 4.36742851914610 3.22231932816008 5.46832729614035 4.11256055095901 1.44788270630949 4.00693392138351 
5.63980119761625 0.07072856099617 2.59694013556090 2.83064617919511 0.42016099682561 4.98998303878350 4.98874133000270 4.04880878367931 1.39639637826878 0.87344961169108 5.16184965528679 2.12387630544223 3.37963992002431 1.60337231601051 1.92603574499677 2.79644098599558 5.14398220142940 2.24414291115174 5.69423975747007 4.42878930211781 2.34281838407670 5.98652567640824 4.45863787068850 2.51653585460637 1.29582757095721 3.58444668280427 3.09896594186674 1.21033748014340 0.89774688082912 2.23940377884169 4.25378134041547 3.55376996187266 2.36820816867913 4.21468186476200 4.51966901610868 5.94278251354774 3.66723589501047 4.26267014014842 5.47182094252466 4.76883104258596 1.67683797737644 2.17632840212542 1.75011377923464 1.00384972549815 2.10167199684221 1.49804444064003 3.84431521387692 4.91593890105428 1.86750928576096 5.61833879945712 2.62800851359603 4.58702827177277 0.85196997766631 3.11323984955724 4.12755030241064 2.29103187818413 5.83639439062725 5.45102648539372 2.73027602687110 2.14378952546725 2.97143380992764 5.52518022014528 4.12370032906715 1.68022794038441 4.57415145749793 5.55497511233500 4.30249613415809 4.74368298143778 3.29022457494523 0.61742495679890 2.00045851186715 6.02523923535121 4.84503834586736 2.26303889550247 4.89845096106091 1.04626911304777 1.73832613238113 5.79333075771960 4.96110224010630 1.80889815471968 1.09354732374531 
2.03264508921792 2.26287157963639 1.69590757688322 4.90920082159947 6.03150249213189 2.18281322746398 4.40678958970755 3.29613981815467 4.68583077522384 0.37258404534671 2.76419784957793 5.18408542186488 4.64631756471464 0.66795931953561 3.63000857793638 2.12855696075220 4.03399280262481 2.34726037096223 2.89396285646411 3.64695801548699 4.50210447499613 2.70648949740483 2.25871232399241 1.32284778016191 2.23374330127110 1.46149802714082 0.06503107010217 3.24227220344460 4.05219973430094 0.76576745114915 2.59552662232540 1.83841048297551 0.14881396804249 4.83692293787148 5.58559564519067 5.63382955525910 4.53304541181262 0.15379357283231 1.26373964709183 3.90004255203048 4.25501052167606 1.96441762595791 3.34780098547996 2.85312112707195 5.86105693565915 0.78360570155041 3.14319328020914 1.52942788935598 1.03358044495200 5.76313734128832 4.57957157970674 3.34119650517144 0.66829691708842 0.65896403802013 5.75447614549937 0.41299188572858 4.25390804453289 4.02994297051264 3.59660764593222 1.74933093774267 3.91614820100666 4.34221983851486 4.43134043873117 4.56709075595111 3.33170794821054 4.93524043554167 0.52348197382697 1.00399761749655 2.66711498191217 2.77872450306496 1.89539968044279 4.03105287127917 0.59447169571988 1.40088335864636 6.12281828637777 4.84864985365012 3.43549380230294 1.35747079323326 3.96719462277558 3.75856037138229 2.59562126690931 
5.52551047482394 5.24999270471911 2.10933132148461 1.14149465298144 5.40152254473071 0.24484635872740 1.52811626819931 2.07036914946353 4.53524478010593 5.00910890170840 5.85236499360543 2.28617105822877 1.21494142325795 1.60013550153027 5.31662203294927 1.90436416702096 3.11063159532417 2.48207043325505 1.49081050479784 0.72456628975449 0.68390230211729 1.09524987011942 1.11360397218420 2.42129612277468 4.46885954828528 1.28500262637132 4.65836854777211 5.77267616376645 4.57621266598555 2.88848926115153 3.89425359596368 1.48489509344657 5.23709371942552 4.41317960067744 4.59796246631992 4.25406383127743 5.46605888127144 4.92497542911364 0.20060986964649 0.75426110835733 5.93563159162240 2.27900269982464 2.52328968437083 5.26804373856245 0.91725198850410 2.44468357820408 1.24108300826219 5.17783189008562 3.56935392017711 5.67427448531314 2.50115836509682 3.28921283547475 5.88316304829241 0.80652037113416 2.97333553041501 5.65749594423454 2.89328916876187 5.30784013185137 4.15472342567348 5.11264960225099 4.54400903887162 5.94695775228207 6.25863550515361 5.94697786863032 3.31426037196662 2.80830641855322 2.91577260163459 0.66003858677071 0.13907196060720 2.56759166958765 4.40706238076993 3.42749244219106 4.39658992432897 0.80076579913651 0.82177476938141 1.41318304018146 0.66791254766896 5.18763603008795 4.95390387693617 0.32997549936620 2.17204390151165 
1.76261564181908 5.89869314326376 3.26243351821592 5.18725191472248 2.00387540022115 0.74372370122666 6.24136014949357 2.31195062534065 3.31563994346842 3.09816206182316 4.87442321524734 4.96237536699888 4.58869320564030 1.24894213102114 1.00735094663911 2.06501955981800 1.69623551651196 1.17920606210571 0.82730659901148 1.68452103872554 1.00132986654185 0.48648322015972 0.71773169805417 6.08244493695735 0.27381947685474 2.06920359495490 0.37727679925985 0.26163250927210 3.69953537520368 2.33426725871920 0.63551992226539 1.04618236469036 4.41875197423961 4.23371576755132 0.62191828451807 1.56906611267995 3.08909560110393 3.17525841637979 2.04721261224071 2.73352147360519 3.95155231829904 4.72516470347373 1.46704949939693 0.96869421726016 0.92098498408046 2.28230635249897 2.70471036884366 1.22798695587771 1.79573670252716 5.05745371194969 4.21080375818712 4.01954009892566 2.65105992886340 4.39458844544268 3.44050439501585 0.43363621539620 0.21640118768675 4.54773662717494 2.43533290014188 4.99206418482798 5.84753998233659 1.06756669607215 1.34710617667478 1.01119607326269 0.97882211082826 0.72695486131408 2.64338825638692 0.09799266543321 5.15921154901033 0.25182958142099 0.33736733962570 6.13508795388879 2.24627301778446 2.95048321774296 2.17170603885594 1.24835096486430 0.41698707464653 0.96415353847973 6.22431537881339 4.10043065611950 0.60095016610894 
4.20609592875845 5.85807248440607 1.40736703053176 1.38905196142449 0.71392736837538 1.04549167161785 4.68702969773720 3.27929609478774 2.86842368970092 4.30874186169752 4.53684754184821 0.42073466545947 2.24261754787713 2.06781071736441 6.09588946136908 6.14038382642132 3.91582624156711 1.81272072561893 3.41113648953392 3.15363945612940 5.90730579113435 2.68899725828944 5.89627428146580 1.16582397948045 4.26889215122437 1.15200303186317 0.69424598621529 4.27980729684144 3.36520546460107 2.76121187254623 3.10052929237150 2.52888510069334 2.23117326241112 5.58605342721193 3.29925736392539 3.71895840948394 3.08948642522000 2.33100385734908 5.47069067944357 4.72598759608071 2.36260729251033 0.10550189943062 3.16559354347930 1.45532670577959 3.99835108157863 1.33047649678200 2.97255353143825 1.02497594236684 3.52680423202502 3.06031327053347 0.17013788232514 4.03799621922117 2.92486740925817 3.54431284940534 3.79257925257753 3.31934423866555 5.65775983966965 0.90535755614347 4.21565550166648 1.54278880422415 5.24730365130189 1.47067430520946 0.24093281583803 3.39411625456092 2.54622659790490 4.12202529427534 0.24800142922938 2.41385803901062 3.08751569657789 2.08595625008960 1.76472083661517 2.85046977864222 0.39905623487770 2.14400800508103 2.93843518206892 4.31590821200954 2.33795338546496 5.10524314479198 0.42800959620149 1.62562896448061 2.14330361867533 
6.09359514115256 3.55496392582252 6.23966342285366 0.65630376055807 1.36622491146491 2.89111109769236 4.74933186015227 4.85890685831200 2.95247999472654 4.26141113183549 5.46263387745849 1.71220982102154 2.72818300735878 5.36297341997480 2.92122668106306 4.49767286971953 4.71827987871588 2.51484059949480 1.41628091819538 5.83311375783110 3.74687882073862 1.72784182446702 3.79088831189183 3.81967269978742 5.19897859933074 5.89744460571666 2.77395288408238 2.25865315665966 5.33505939999665 5.67386437524123 4.55720478110819 0.73331103737702 2.29432942130318 5.76449294755780 0.54799925093032 1.03293139512120 4.14717374218288 0.36527596048363 4.61321719538399 1.06227300316951 0.77793533564749 4.83333147693820 4.11580472806984 1.68430862262087 0.25408938465152 3.55445976848957 3.89403507826814 4.65341120331646 3.25294649417614 1.78625804786345 2.93736491790976 4.95256896762028 5.57348442036826 5.83459804157687 5.75331646474221 0.42920442917618 5.68520800210515 1.79341706794133 1.86660213145784 1.29017843938027 2.72753332391764 0.44555623050897 2.69154350205954 4.81577461139967 1.89051592486231 4.72509834525136 3.89472623619926 1.28166877470267 0.28465640849373 3.10946758247049 6.20569746507412 2.35255462339479 3.73748524657265 1.19456079532754 4.54875718749658 6.24423955975993 2.54798143302309 5.49805985111568 4.05475805294523 1.51239969620099 4.86934157039636 
4.59161965845377 4.37880237785704 3.73543279376065 3.54655224329187 0.54345987846791 3.43546854836255 3.20666554900126 5.78941378480368 3.06814690768124 0.25819472227569 5.92684451048248 3.42550383528870 3.59169671845924 4.54428307407967 0.21540011829635 2.66179258847509 4.82249240690949 3.01217206265287 4.13845223829435 0.69352836243104 2.67242119846242 1.61170722569970 4.91337060218248 5.04332158050914 5.66149278589585 6.27112611247284 2.78476763203964 1.97842753624307 5.95402265513772 0.01490197440705 4.82577051758344 2.91763018481816 0.63401341037075 2.51677170040328 2.66607978895771 3.80838582894817 5.67918587057175 0.99724962538210 2.33142002543291 1.89138210921010 4.08536340543963 5.08275138236911 2.78171071503141 5.06568823851853 2.06518921558161 3.21551303601406 4.24670066633762 2.15233458644403 5.56980677549773 5.80719946421200 0.29357344522353 5.41384173742775 6.16480276561088 1.88829027890345 1.55734097954747 2.91149614983733 2.30183572550046 4.41446452986499 4.89938620255435 0.74208188803741 2.74770927475044 3.30603030335291 3.58549719995087 0.48567691527881 5.78963717745923 2.53490220337568 3.90910252399462 1.60182559728702 0.75457332804133 4.80637731254657 2.76578151502319 4.42138573294484 4.04787580936387 0.77589423566883 3.07348425719973 0.07070909858325 5.01301439042200 5.05157897958827 3.80126199189490 2.51700773551289 0.51049565411360 
0.80917356891363 3.20082281823421 4.60237300072476 5.26574795861295 4.35756987447860 4.04645659959946 5.92140859826327 3.38929591972546 4.38003971572858 1.83589439227537 1.18011780846566 1.99279756008373 5.82486381967122 3.62472869896156 2.75909673639652 4.38491093809417 4.14902365480286 5.82874141673520 4.05990196517116 1.34361135876704 2.63583730480448 2.09651352892331 3.80511130947256 0.57212642914158 1.45186083434592 4.21769661166218 3.07306776562998 2.46972474501078 0.54177923667693 3.51676982070710 0.02381361247061 5.19078264593294 6.02023419595035 6.20052649296560 2.11713876428393 4.48370024557927 2.38201106264514 5.65372062327650 3.97769241242829 2.80442372703908 4.65706584249383 1.73085952917754 1.17636265118769 0.56395369675170 2.12813749632203 5.74113201391884 1.76733732256179 3.78144163043590 3.73721816198979 0.15424982823879 4.67003839264132 1.41124117279841 3.31466323432559 4.33378386605691 1.45606001062723 0.78550842537355 2.08315807860671 1.29518956092111 0.81755084805207 1.62832744810118 4.94174902259697 2.93014611962061 0.20605796683129 3.03073429618867 5.88586647597300 1.48443319705158 2.69783863140059 3.45176865314798 5.51018323933475 0.16297920183348 1.29845170333967 1.48912756822460 0.75639902273858 5.33382944590180 1.98256853266542 2.13988955472950 4.94935717959205 2.14261779425753 4.24024284452261 4.59677978107316 5.25145988590421 
5.71481418653817 3.12419715048278 3.72589915766371 5.50343350591638 3.07819193527460 4.76881623615713 2.05772580748143 3.09401834540814 5.31065110432348 3.72672770155374 1.02662070890799 4.71507536875669 3.12090241439387 3.88157813862766 2.49477395425549 3.08754225859483 2.13053256379519 2.31175565857079 1.39035543955877 5.96751196607784 1.18149596187280 1.85528263591346 3.87807819992941 4.84073392243112 3.71673314864077 0.68527777727854 2.46462615927954 3.43904790897678 5.51420555314692 4.58024578000950 0.57543139266599 4.64125808303921 3.97265159748470 2.61717546116506 4.45863059111495 3.44687133420512 4.63180409366923 2.26755089062869 5.55529551063127 2.32584667999702 2.96603069366643 0.48096369632944 3.27173578450575 0.68294692652935 4.70857075252896 2.22394649793071 4.69557955121643 0.31837209505935 5.91677148483760 5.13577076798677 1.05440189368305 5.11259016876255 4.27232498231066 6.10291392806864 4.98185520015647 6.13338973896508 0.22641674396500 3.59424317072557 6.03489142914294 1.26597954929811 2.25176992026130 2.82196791084054 3.09522707593773 0.69759502404729 3.38528429717253 1.32546950741825 0.93526417013025 3.06331334542487 6.20137836462702 4.66546597449381 1.30999527093999 3.76560592670338 3.06778371682455 3.36528281093744 1.63901148312826 0.76416976615305 5.77510226902364 0.40880288797640 1.41259875094055 4.58873406967204 4.84730372235295 
5.10422401659865 1.98410973868285 5.21154292680294 0.74981636852111 2.37243682257340 3.86905125631654 2.79452324418195 1.96322028353503 5.41775272082179 4.14411610112585 2.21664507834839 5.65190691666252 2.56677531534807 4.14387579775523 4.87151924529050 1.27181837435598 4.37149638417232 5.65644890538303 5.57539960662222 3.59206439701629 4.55438200252622 6.27939606492877 1.22196223184679 3.43842262854191 2.00954632086657 4.72568443413799 6.09662755239285 0.51185424418820 2.44644663615273 1.08087589408560 5.16948714829897 4.83483655280093 5.84702705641432 1.88568458090318 5.15870837866866 4.81957314731476 0.77930212674123 1.65610782798902 1.73354312442248 2.88155296186840 3.18810442635962 1.97087760934108 0.67474316626194 2.85825088390619 5.06785245535009 4.85485543105406 1.10971277225086 1.63121770315606 0.26259430795458 6.24952536803636 5.08257764183571 1.56050603920157 3.08463831442896 4.16367604477735 2.93000811607844 4.66069864552607 0.60665279405320 2.59542457286309 3.56458694107790 1.32977807246080 1.81702664780250 4.02113302583332 2.57201405327311 5.00185803282475 3.90464373011806 4.80309739569151 4.77279469712244 5.29158165804972 2.39970466192258 2.83835109821880 1.48134775401414 4.90086254203495 6.13529409487380 4.63298177710406 0.22501435021528 1.20131987537831 4.92835796398469 3.89863362876745 1.36659630787350 3.56557299109120 5.73017808763174 
5.23088688436786 2.75869146504516 4.54892585000218 2.78717798652532 3.80017371477158 5.53121579059456 3.92231629254266 2.51654713551295 3.80311145500277 5.95020078766715 5.04045661641887 0.31630516652049 5.73569052993049 1.36094128181855 1.36264615825254 6.26048785468370 2.26949291436022 6.08198682308258 0.86062850008499 5.08344874711434 2.99523158081956 2.39605383612930 0.35247831710235 3.14920192427235 4.36447418683718 0.56049561432521 3.61796999574992 1.83874443198055 0.37842815302080 4.35533390852346 4.65757158556240 3.24667805528826 1.52318960085508 3.31015864672825 4.81081059286508 4.15144426298380 0.66723335716703 3.32226341860909 0.83624181453465 5.43289602744085 0.44431497074717 4.81388467754421 6.10874370176679 3.53610974622449 2.52890225227767 4.15312493435655 4.32436576335449 5.52120456216766 5.62198476720323 5.14121842560253 5.82780157963412 3.95519897710194 5.66413716865488 5.58667860377947 4.50194492949777 3.44639662873694 0.87120512869314 3.03070831430647 2.34889739374866 3.15860136874534 2.84624787964295 1.99408267683622 6.04324633395248 5.12221622129447 2.13322811916743 2.40523024818316 3.00237359260291 4.15584957764757 1.03420582232766 2.04102942547092 2.57855536512568 3.87368991430487 2.88199448794091 3.02075232679236 5.14103385669148 5.78443348050533 4.80139627876397 4.73143810056094 2.76700531309469 1.37260086701714 1.31171520618704 
6.03826765957589 4.99265229847535 1.16638345291406 3.51477167932372 5.17224650872452 2.71379344812692 5.72334227542405 2.15080293930754 0.58153591272600 0.71165722773262 4.43021703403820 3.49455446081672 0.25151818965349 0.14327841443379 5.11373690987375 5.61481297140809 2.44405671558062 3.47253404544292 2.27147292274066 4.02383181389478 4.94386893364651 0.33651749343198 2.72201908925389 2.34871221682013 4.19274284524999 0.54238004670414 4.22084345409109 6.05324404366965 4.02767232151068 5.68553675844173 5.71417137472302 5.07413650008844 4.97264665536425 2.36198952318162 0.59594951078019 2.85690725257052 0.35367947861678 3.56771137459345 5.76744350418384 5.31338550775033 3.34497171097660 5.87021789770746 5.42955880210325 3.39340131623010 1.10567403585066 1.97962389985571 3.23625194992459 0.27575428637005 1.70550197504941 1.42805343383628 0.92556261016188 5.88061932639511 5.87547788085614 3.96709320969656 4.36748218519026 1.38063236030416 2.80721445236582 5.99039233501916 1.99820159049904 2.18303630769497 2.57194048734377 1.37892439326313 4.85902645047567 3.25452487073842 3.87147286134035 0.03511967608235 4.33971030586438 5.68051901154594 5.80294479780879 5.46906298477645 3.05104431671401 5.51226055424342 1.61679650391643 3.64646726847679 1.22246057241979 6.24015857099676 2.93793235185386 0.52471282050113 1.26096193276222 6.03606009702619 0.04772440561077 
1.30616122821734 5.42488423169100 6.24369975581009 1.37809265682943 2.68724762707849 1.11883768481941 3.28250526140668 0.37318987971545 3.34987646434390 1.64234322589908 1.91509655184121 5.34135504750596 0.15368202690127 1.70809474876336 2.30357581720748 4.37744448295065 0.79999824465100 4.26490663457952 0.62611689728247 2.75878340963849 4.21663720687643 2.65535794913291 1.28221643722824 1.50865556908434 4.35114446810974 1.89607760589759 3.46006722881956 2.36799711760027 1.91523397980587 4.02659669255655 3.60342114597381 5.70168198411985 1.80914711314617 3.79266859368925 4.37885290889550 2.87750663613998 2.83805816275746 0.27118856502484 0.37893900108113 2.14257651727386 4.30792552316351 0.39863118002335 4.22644804967146 5.84536203697933 2.80456232677363 4.02319887314785 0.14157582470473 3.31591430011549 0.46875384929078 5.08133238467990 3.51411768767309 6.15053480663715 0.35591154996499 0.77138642442193 3.75643529603264 4.88575160812056 5.85267612273740 1.70835049636784 2.13854688425561 0.50768143089847 1.42829339594600 2.54440907443065 1.42269666676025 0.31442697485897 5.94148559892117 0.29526001231406 4.96878886945744 2.98755352187023 6.15648709162242 2.43993762063210 2.59197419443513 4.27004085154062 1.55169190442278 5.22056266911417 5.15510365478211 5.51135739613470 1.13851450950618 1.54834606928899 4.98263814959438 0.52887501135849 2.39128147292294 
4.78439239347401 4.68034181822037 4.04553493652528 2.47865070655712 2.49601699010204 0.03392464581656 4.23585183972658 1.66715697718404 1.23039452862603 3.26789488861982 2.12278235690913 4.04671939697074 1.90870830554643 2.01634839625980 5.79971164036267 1.02481807929037 5.57115369759343 2.29670704636317 1.95160601772716 1.53093081570406 2.06913997082182 0.11550708789816 3.09635037623855 5.34688242027560 4.18023152893588 0.82407048970600 2.46449814197572 3.37321167329136 5.09527683514020 2.46007444619651 5.60428633170096 5.64200772322138 0.77634807050580 5.51338285589723 5.35527137894646 0.30780361292523 4.81013762482610 2.12459512075229 6.15592896274674 2.33278103572388 5.95199740705830 2.21382372345462 0.38529191721981 4.04763347588620 1.76423484668268 5.72035654629727 1.10237948074748 3.11855201797035 5.06977593083050 0.79266841745542 1.90617263102370 0.20410060195287 4.57436271568275 5.19159092061803 4.49997434768704 5.62284469268214 3.78631869144403 5.13403575124536 1.06519795477951 3.59829093022809 5.29871782864537 2.56775416199975 3.01062559889298 2.10651674427054 3.65878568550622 1.67517702076383 1.11148289611456 0.64387252758191 1.07853746258617 5.93743926948239 4.58278873500577 5.89618267555863 5.47242051480169 0.09522670068171 5.01025463692965 5.84370049098844 2.95570056655544 6.02384016621368 4.03574107396375 1.74012284888476 0.26698802052462 
3.96959290036227 0.78873935226463 5.27009089486902 3.52512708629087 3.73573138162099 0.19616666036513 4.04388728269230 1.33218216956094 4.19885842912109 0.12902115825366 4.99026031076767 3.87085417371755 1.93877279476632 4.30522394477821 1.16932131528573 1.95638654157769 0.25313768924826 3.42368464700910 4.12814225275032 0.18025397940299 5.86597600393651 3.32360947238622 5.78328248372243 3.69042429418541 4.69267508826649 2.35720765892265 1.51744391620256 1.97096442578619 2.52295810130953 4.04832532210149 2.44533285709952 6.01840534140752 1.39816695548097 5.07030857521947 0.26323702765666 2.60317984099247 3.12899820345130 2.31203907869618 3.56747560109717 2.80278793438966 3.55898826297631 2.43590143555081 5.20950192523588 3.78069183034586 4.81772280378147 2.86176247173470 3.44561201562822 4.57980176451957 0.94352828117262 4.51174959582397 0.06349405221219 1.45826301488035 2.31085939929431 3.96276141677831 0.06347699012098 0.07368689366125 0.80761966543226 2.92026501050999 1.50176148835220 4.15208391486055 1.62936795400105 5.09843965305092 1.17658628568132 5.35282097898686 0.13828149114280 6.04404317008189 4.92876801311897 4.69935129743270 4.40962051992561 4.98540154311943 1.96713952599479 4.11256866331712 0.39978160463902 2.41198460160285 0.97797522802913 1.06038278833175 0.59092620797339 5.15102827460496 0.47542250700512 2.28959247035130 4.21846884143958 
4.06221969444996 2.49980336016679 3.28629719931506 5.21123769391463 4.57753120090474 3.43118845002304 2.51937204668770 3.69234344178023 5.32764917193905 4.50298460677465 5.82391716775023 5.74004630955080 5.08510239551000 3.04199419161154 5.51258901924925 4.72186397595662 0.45384163933949 2.32311602550848 0.92570853776785 0.27303486293929 0.43010862660515 2.12200799846454 1.86383659608284 5.33000006406843 4.69453048044340 4.23160242508990 3.17243429326405 4.11420491369741 0.92955007832552 4.23794121812220 5.90993437558797 1.98844338379934 1.18696903314870 1.49074338292560 0.02655686189034 1.75688713803134 2.71316619751389 1.86653395085918 5.80937768502630 4.56017934920658 2.23107775914810 5.45238985830098 0.12498704600733 5.15421604296005 0.90422881249132 3.46364906183794 0.57406546860300 5.76077163546328 5.97828366677321 3.94373613444678 0.81912063237266 1.68537698108953 4.67762337587400 5.78718603544502 1.86266398778389 1.87456481488636 3.98503798838499 3.39996792861189 5.79942512287988 5.53920517086993 4.18251374869543 0.52185547904655 6.09760243016009 3.64430921374748 3.54690415795800 6.14426134171294 5.82398177084985 0.52145041315521 3.31602498794804 5.23115975262839 2.66819904331501 1.47478236783515 5.94680942587556 0.76251905897125 4.47639867121439 3.73631057835242 5.24759086141836 1.05950644966739 1.66911932601165 5.86530037050756 4.11725316523113 
2.14687564801012 2.14340169593616 2.78246543362422 1.53684601643592 1.87740466502122 5.74940141568881 4.70135215429232 0.42192483435029 0.47787071008473 3.79453473797546 3.07491720497490 3.45564701395753 4.67082498191812 1.38136656700104 1.24993349994373 1.03564311808958 0.01271800534595 4.05378322283618 3.88858248732293 1.38028271517966 1.86743150458187 1.80557875742617 3.62425570852048 4.19923927680336 2.87510973839170 1.83865360285012 4.12898134826147 0.29458802694806 0.68471827692250 5.50389754351935 2.56105738796946 4.01179658017055 0.76799508231017 4.38954715272245 1.05048354068317 5.92335690287468 1.90882636895395 1.04269050745304 3.83282454859712 5.52284083683374 3.03729416650725 1.32194280543782 3.26801597527975 4.07152032618472 0.82822234580536 2.03453247041738 5.84852206363813 1.86782508075890 3.02218270419508 6.21159178637245 1.88759440047686 2.27761776016082 0.05663012375332 0.36265787595611 3.50795601022126 4.20362163635301 1.95288753959898 0.83665383332880 0.07087013621501 4.46067071135029 5.33699880239076 2.47265870822987 2.88702914808641 3.61325400376244 5.36584822421452 5.83082233827710 4.00015879507484 2.40031161064931 4.42564437579833 2.96294708520583 2.48992211649729 2.16178025250543 3.05607759134635 1.43291445330855 4.14474055511241 4.59740613313267 5.39575403657563 6.07109582863685 4.27608060177584 3.69430295078429 2.59546533240099 
0.64951145389855 3.48678253562061 1.09640403234702 0.06993669308268 0.37355909490413 3.40813349409446 3.23583843652707 3.42863327717193 3.73724924074992 3.88559181811590 5.05649925287010 3.31121190793581 5.85170675600540 3.94867235352341 0.60801332565532 3.35919141425522 5.28756701902085 4.12848834570261 0.04958708978027 1.95406870264883 2.11627172724294 0.06200373690061 3.80750992331994 2.42299707682510 3.89952523804965 2.91370025022068 4.78835208541602 3.00053513199688 3.41478116715999 1.78752695370248 1.46755851728345 2.71396240945033 6.16065710031462 2.69531963077292 4.00847823394102 4.95746097151425 0.61955956051384 5.87727005345989 2.62288867264758 0.37280360550934 2.26913812166427 2.53628043131410 2.06601807999509 3.42587100470473 0.36127200232365 4.69591335881446 0.03086408663286 4.70669356234766 6.09418189782001 0.65971240594120 5.36552642479504 5.79449057337756 2.92775547309033 4.25241872625487 3.17486533992749 5.20049060948840 5.52688668455194 0.23119735191024 2.50173206569019 2.91146680845706 1.82699206832776 0.64885130425457 4.47133222029806 2.27196556768745 1.53660915688452 1.74809408889604 5.16417162289480 4.43733302364280 1.90157790415806 5.54049003783576 0.80420079956844 4.41337108952561 5.81860306503872 4.41017998437591 0.88421886015320 5.87427068969766 3.02106675878848 0.28467919859493 0.37145624730639 4.74502349526006 6.27037796647524 
0.33850046604881 1.92691594318017 5.35311035590993 5.52402312311114 3.67885881125899 3.58856187401833 5.94343832060764 2.23357498499917 0.78841478498956 5.78394076229624 5.51755305211634 2.82817757474640 2.85600981592557 2.33522103057595 1.89004840622671 4.90596255481082 4.64027040131867 3.08122805378651 0.19125184020491 2.79092416135979 5.50068622073648 2.15351600420198 1.12502491951607 2.08222360789977 2.06498512276739 5.56878953300583 4.72217831697639 2.62751728359229 1.44133387572132 6.25145892889581 4.32772899352773 4.76079941872497 2.89050604234511 4.74467815207946 0.86991122381119 6.25652570958357 6.10735491303644 5.27400737098504 1.34599560458619 6.24712478083977 0.85625648919519 2.40902228019062 5.68008144149522 4.13384366558556 3.21654416864149 3.27399964559076 5.43496318536097 4.68542704285365 4.63016365776550 0.17065287473433 0.23802837016924 0.31668020571008 1.88928209550989 4.30552248635112 3.45764130444787 4.37765674831785 4.70610393622110 2.53429810297962 2.45213371484223 3.52191078974852 6.13506726102884 1.63722034310176 3.86732881910709 5.98085699561399 3.68797798458564 5.38045753192896 3.92264896987628 0.00462029929057 1.05273289684706 2.10180068115794 4.36366537177509 1.50826016070677 5.72552108508808 5.91175195004567 0.03460701406384 2.89465392407458 4.75029373031234 4.62637761179214 0.21461877056465 1.15834774257415 4.56048515983180 
3.34891895922361 3.21021841805666 0.65683557993042 2.98434269023053 1.10943848673412 4.59037859929614 0.05534859919796 4.66828114459028 2.80730234232709 5.91678238574378 3.00753617773549 0.47745036443546 3.88789047303011 0.74266224128160 6.19673922435750 5.71395669397056 2.17226858444053 3.90164201374321 3.20547910497178 1.68168616892370 2.23205652831653 3.20227101679736 5.97333597288297 1.82668641111397 1.31079110739440 4.24299787909509 0.42594859069547 3.68002993726311 3.14852366973115 4.89804623414174 2.09102682130798 0.41975968527531 4.04935854420466 1.58137729776194 4.10392167928699 4.34245924402200 2.64180669045560 5.15277285760204 3.76387682074348 1.41991650168287 4.24048407682268 0.30608366574394 2.67502325114057 3.99019148084969 1.74725472085737 2.05187617334655 2.90138908963290 4.17869493004537 3.02626924552810 1.76752415684254 5.04790257821649 3.16758598539300 2.00553408738221 3.52664266848932 2.25155206808941 1.88395110786409 1.25658208458650 4.34041075343162 3.47010971049069 1.35456640025647 1.04043031252096 1.68390412655849 0.85787675108275 5.49996648706749 2.77735275981157 5.41968032811865 4.32749930111039 2.64037320379920 5.14906709742079 3.57251357830668 1.88315519374743 0.27177266979181 1.88113937657281 5.65291109024273 3.72565148633648 0.52897470136863 3.72547130661754 2.32712603068489 3.00101367431619 1.91162829043007 4.40998195021545 
2.01092713763157 0.19729990959798 5.55155213889826 0.43058913712541 3.98480969771399 1.27173926630836 2.85787312004367 0.18899838208905 2.13725701140321 2.49349531539503 3.84115158528303 2.49211353677232 5.77692681082126 2.43128034784632 2.28078988070739 3.41045652889835 5.17074826322802 5.91404321738324 3.93624662136469 0.65018134566732 3.90197581942643 3.43870631349473 0.69226050139736 1.46381745345512 4.07030963326340 0.87785703879688 4.73453469318687 0.87939514748821 2.23758208186619 0.88799296501899 0.61075092593979 5.56696860243908 5.24517876674937 1.28905106114016 5.39214775282280 0.07643069774047 2.71484692070557 1.49265488075915 6.04192702847936 1.01755833920216 3.42531981332631 4.21937578754627 0.13757072699316 2.73843208165259 1.05540539957363 3.55512421011267 4.30690742067761 3.30174439169751 5.91193167799262 4.18833205688787 5.17445790922230 3.84143590629754 2.21922929662366 2.38279897330473 2.97047650362354 6.16089913774285 3.77719291231980 1.79088700167830 5.81403246692475 4.71908267590929 2.79766968197243 5.16370106517118 5.65115651717994 2.23058455422379 1.72201360335863 5.54044488301317 4.15803452916748 3.56035538761713 5.23654956493984 6.20956052612666 2.42461260410587 0.76190048203609 2.43848422707046 5.62018321880926 3.48794966064026 2.35142372892258 5.24977265271086 0.15118426416635 0.30184846352935 4.28272739874992 2.61253462996545 
1.88019373830627 4.11486766164256 5.21470932529804 4.18616472670910 3.66871278778857 3.28719192657341 0.82902851607656 4.45261006308424 6.19967498652441 3.78339747139814 0.20431081171447 1.42320131797103 3.85354834064848 2.92861918494931 0.02631018075887 0.93735410685952 1.78051952012787 1.57730605652602 4.52922708642671 0.21010200298708 5.00038922425171 5.27555271570260 3.37416901380129 3.51203083554352 3.24600336504671 6.05074460327753 3.30667684936610 5.30004424690785 1.48737009308114 0.39778246312244 6.08308455831594 0.13155377322825 1.86163656427113 5.48901740383129 4.46056367658308 5.36856992281751 6.18315208539151 2.11438653645054 3.55648523055648 3.00017171429920 0.24748284137650 4.93698619950605 3.00199030489676 2.89212261535259 5.10021824856773 3.62694206021173 0.41570584340629 3.89856024383634 2.11179599795870 0.26431915044630 3.21195051146851 3.66801246539390 5.04007382411899 5.40764975351041 0.82558534044455 4.52269272208066 3.67565225028071 5.93117707811746 0.72280801528537 0.42416924777508 2.21683398013804 0.21100992287539 2.60636116365299 6.24985331886158 0.47971508344900 0.67187026418298 1.69518345489356 3.47926738290980 3.04827097749640 0.86701502486932 1.51661471610422 1.32488487067116 4.76511938866427 3.67431372048946 0.12707632372484 1.83502916960975 1.60656311018910 6.15633077398861 5.02582124388253 2.85592412357065 0.83887622856917 
3.71734305913425 3.61046284067800 0.66027335236040 2.50650355203769 5.78254148292808 1.75936531091841 1.40585141098885 2.46132887089057 3.34067317553726 1.13721488535167 6.01699522574993 3.05641116760188 2.41667732171140 2.26718233961526 2.83321322744728 3.77478345883223 4.64004115831652 4.60188417847107 3.24723741689667 5.42439067460782 4.61242661966857 2.59052815533569 5.42185923200046 3.34855465172789 3.14621185066703 5.48391359678098 2.21615948462220 4.76016000781665 2.11422546036866 5.36670319152846 5.97665943374572 3.67353129840104 2.62683424621512 0.45495337086974 5.53494525145325 2.86371549309175 3.63015888575180 2.09312083592254 4.92220076567704 5.02218022280383 3.99942374216722 2.28385651632821 1.89755326596162 6.14214025208144 2.65892971132513 0.07380201557026 5.54358583323390 1.26834831783639 1.98324901066269 0.23343259119934 6.18162045308045 1.66161968543509 0.77142991881632 0.06917404450748 4.65381632231609 2.55112813007191 4.72665438009413 5.26887865975619 1.20297389136439 1.70961894244575 3.16404227718653 5.00690463197206 0.29616593832366 0.80570001946073 6.08766163775759 3.62561232596088 5.56435878381450 3.64618675154382 1.86197588518370 1.83967050671337 4.11308262824816 3.35845592040975 0.01005736026292 2.12366349484700 4.76438620689097 1.48083264722799 5.84306701744978 2.94009131469542 4.27569045333643 0.45438079767815 5.69867475961639 
6.22715841971484 5.29124853662740 4.45222672983147 5.08712529382385 0.82137630813678 3.85618437239081 0.20323069769628 3.11358429493434 0.24680936764702 4.05465631917481 4.55849397122540 2.68546789532615 3.74860773365835 2.46474291916550 0.06650493988760 5.63610321613689 5.80372895871575 0.85007011287830 3.55904339986528 3.44919998125095 5.54499266749078 1.72941907797139 4.13285568428663 4.07833883816591 1.07714883300727 3.25596302536497 1.37041327378388 2.03480906916482 1.16117491205004 3.38354498805448 5.60328716041750 5.77514617247096 0.76142859704211 1.53185418234915 0.37324712584430 0.86426456594403 3.77766358345300 2.38611833942314 4.67781736939745 0.54658013235276 3.87592078560167 1.63388050707564 1.60617792247255 0.61419950232127 3.86295319291463 5.93373631712800 4.87132850559228 1.24702354734636 0.44195138785419 1.09763846654317 5.02443610454819 2.61375029625997 5.87446885427248 4.55670456300371 2.25049071770543 3.75970389424314 2.18607379033487 5.70475416756033 5.98513642629775 3.12324477202785 4.19540288399292 3.31262661004850 5.41435568796275 1.14631621348856 1.70333607992218 0.46331215036255 4.25261533818105 4.84653441872977 3.51791459247900 3.14270120445662 2.05544019719173 4.46764497115392 3.54683052884180 2.74628655301424 4.39102101552555 5.43072313843218 2.57363534751569 1.06414787783385 2.14522088879179 2.52630503448766 4.06459513081077 
3.12929655092892 5.97845788173907 3.25787630519386 1.67269045673574 1.03865332167439 0.19431314101695 1.27939071771223 1.08983327284460 4.52231539322326 3.57686243145090 4.78198969530847 1.32651524971686 2.01844187811298 5.93967366887109 4.41673953088804 0.83199293554927 3.76194661792423 3.75854661663497 3.32105396265527 0.72269314472469 0.65919263329599 4.50850982352656 1.95615923054667 3.53832268564005 6.18265341529549 2.79121987492079 2.79833888912491 0.49612005082827 5.92044661727891 2.19630269888041 3.39472260091109 0.03016279833589 1.34165569882574 4.14492710459697 4.79619623486040 1.65497709260089 4.19049343696804 3.73676298250284 1.62929436062298 0.38361257424079 0.52884249232124 4.04122947408227 5.08014337579554 3.90445465739338 0.31047871135815 2.34318293209068 4.28652765529541 3.16115563538731 0.21206006713469 1.31459938411731 4.31254440995087 3.70944889070359 3.02168064289773 0.42537690608813 1.85545401076397 4.23599911405767 1.37698375490331 5.89514860917982 2.22632481198330 4.44202125626441 0.71395890098570 1.00379914633904 0.46419782838906 5.66715829033070 0.86136884941173 1.12432296211871 2.40545038780327 2.91910181506256 0.19375295367593 4.11900084739021 1.80737051723601 3.24591930148478 1.31593476520900 2.98059839778408 6.19758284145263 3.03818422376317 1.53228093507889 4.46243551540646 2.91164194425702 0.29315161471100 0.65800148608926 
0.62679258159376 2.03344697299790 0.37696970882863 4.61671964949064 2.21096564910099 4.72286550696754 6.17351105041015 5.81818059315100 0.02210428614174 4.58212029644203 0.83202240550497 2.71905515539121 3.32861932515500 1.21549370730217 1.58169213627829 0.27550571351153 0.29526367175876 5.21571001311401 5.61461888295722 1.54399972284467 0.67573998568704 4.77852039489958 2.71902521758168 4.14329787954521 5.24538686563329 1.58626568027656 5.45073055675367 1.32065407300658 1.51185460661957 5.07196352889167 2.39287245612114 2.83915096324373 4.60555739766683 3.36654846445616 5.12086184454220 3.70895646079295 6.25256317303579 6.22361901179381 2.86251312016316 1.95251297300295 0.08790994715924 0.99495822035930 4.87758609147256 1.84165418396077 2.39050610798192 6.18054284611675 1.98243596645742 3.48699554219685 5.42627264863605 6.18885527408927 4.37267494665266 2.38257090531577 1.15399315360517 5.85731026772763 3.53658410638083 1.16454282858689 4.46219300364204 1.44512709732657 4.86569025239996 4.88110578663901 0.27406537672008 2.04371631293078 0.56641129403804 0.25530776311721 3.62378035353105 1.29861581773018 1.07086746871893 2.11178566529733 3.57753063038381 4.58508872133846 4.56727178279428 3.89354866740184 3.67570023160718 3.42922163407175 1.49654499565083 4.02505655986779 1.03666219553883 2.69000946276785 5.61814781568616 0.15480017481871 2.65241534901384 
2.50940066261788 0.20613388500315 4.42600863768307 0.26233715977863 5.83640008669391 2.77824114515834 3.86945075011824 0.65799131411597 1.30608170578132 0.65587497356500 4.78151153841762 4.60948750494207 0.20766895637312 4.56734944679263 2.60997291854675 0.79297805329618 1.32982418012778 3.62615618968003 6.18425215658252 0.32720401823942 5.24072883698320 1.15980765565448 5.34838908077118 3.45808610091124 3.94746310636914 2.10823361475335 4.35952613984263 5.85111781224980 3.15996183862683 0.95056419491324 6.01187927300212 4.10030800399538 4.88473788332679 3.77479239527637 5.66272650747885 5.74591826785645 3.46027164328133 2.42161462905879 1.47784248618511 1.80403770599887 0.22211543877346 4.33998771612924 1.08112963563124 0.22325944718774 4.14888818428088 1.78359757782099 5.18226395999765 5.65386951477867 0.89508565262389 0.44238146319151 2.33508729579218 3.84149764405606 5.24446181435100 3.33921198809895 2.78306988588524 1.85877087994286 0.10596671717426 4.77120496270396 0.95066812576179 3.06371485909648 0.76366438506699 5.66694080263283 2.03167798523363 4.68617002670217 4.49248474297359 0.62381704638419 2.43307292527940 3.79090083085587 4.79219746026343 5.23366054950696 3.26098258972082 3.92711854190305 6.25423154084482 6.24158791085759 1.53530172764210 4.15719562204461 1.52811240741799 2.41436282759817 2.41505794427154 5.92260916684696 1.77139542281061 
3.91204635889570 1.68226998369617 2.48624023731002 3.74726238588469 4.15242812602867 1.13870742904706 2.68522508505770 1.23845787453623 1.18125651930703 3.94563435827341 4.98735637159510 0.09097654170238 1.36758295719497 1.57186827019858 6.02612636020194 4.05347460846212 1.89741443277900 2.97359877313070 1.74158352844374 1.83957412011599 1.69149734936077 5.63927336759048 0.77716365086451 2.89247659632552 0.23847334817247 4.49347551362092 5.81659496625230 0.27375523286889 2.43913805172500 5.20171994603113 0.73301935003380 0.18571611773988 2.84184303180609 2.40927840695505 2.74823377488477 1.66959332502550 6.10087419617035 2.53995844877742 0.36136436839617 1.12572106102501 0.67178397893852 6.25929952117406 1.51324376061129 0.82122760629338 3.03690399844176 5.94089136340769 3.17584044707410 0.18900030277875 6.21207794811919 3.16406641305535 5.02725712254992 2.29713296699202 4.66827671573953 5.31086436488604 0.02154227822687 3.87739968289789 4.06447515181355 4.72528634657162 5.37772112878258 2.70778256782769 0.48716049904424 5.02076737803034 0.83960258681919 2.27722444712079 0.27733272467676 1.57813017071321 2.38172625438130 2.69356460785635 4.38129759960748 4.51156099691716 1.06799160939116 3.88978239505242 4.85421699129843 2.44774928706461 3.81709269955780 2.06181649003479 2.23929102941250 0.88451873047473 5.69863804408702 2.63720918382812 4.20060215934974 
1.98202349853941 3.27719929283441 1.15170645908621 4.17115591328562 5.80527505205897 1.24752447140187 1.61498065750034 2.66632538007780 5.35927849621595 2.25264929554818 3.27517425675703 1.39619295724239 2.48067154576345 0.60487152013753 1.79701354731089 2.71473653917665 3.37304838804111 2.06879760542356 4.68090398149369 4.40278018471604 3.53009435279996 4.12363490211040 0.16541891415849 1.52723341928731 5.79238671005416 1.09900672996052 5.94086099081913 3.84099493974486 1.67653407630964 4.90187146811730 3.57511445161224 0.89014409515076 5.95163875477790 3.29822407960654 2.40124748777781 0.24587260817939 5.48604778065763 5.20835569239937 4.59292875469412 4.56399663010237 2.01141667583787 5.09466185068554 5.70698565146571 2.54289496902048 4.71349163588441 6.12996726493301 4.63083773830549 2.48306510601542 0.21165035470305 6.03150787517021 3.58241303967518 0.54057769168907 3.82545756859518 4.03212377025486 2.93390386929188 4.48650361066353 1.10164964682738 4.65356019570256 1.41990152302794 4.24906439449393 0.89578110464788 3.69083058448838 2.16544256137958 4.71513986984984 2.79049879922096 0.15557881024754 0.50338265233916 5.46959729621186 4.78753093926265 3.34732857251194 0.32209726871438 5.54461448660866 5.41136597028933 5.86157445393357 5.17574806810800 6.07732067893077 0.41461466876786 2.16439719443161 1.39065315679809 5.71125297261211 2.67479897830326 
0.40662074926974 0.38734572763840 1.29275539676077 5.94458644652776 2.48659921346029 4.23632392505324 3.16390323556706 4.43878333339135 5.52331365126870 1.17704855922648 4.98675919844087 1.29812514880835 1.42612439885376 6.14730744304054 1.40678227718218 3.20280166362668 2.59737524131951 3.98559519380071 0.58253779974669 3.83955794561053 1.79564943756502 0.17674650481884 6.15503152278735 1.56341362239904 6.01728977885130 3.67938730963330 3.12434639121720 1.26142556005053 4.70083065897869 5.28716668692149 3.63404582435131 2.17250059061862 2.25507323884524 2.08184443353590 0.85479570888156 1.70569840394007 4.30011769183560 0.66905991863394 0.26221403931628 0.50886035354706 1.32800928781073 1.77746200366076 0.72484922950790 5.52375983132943 5.77289987388867 1.32804953305239 0.59514512786024 5.00580249153690 5.93334213207289 6.10979608660150 5.21475022899231 4.61321780475453 0.31343279625344 0.74313504566321 3.49283120407366 0.13815649873840 3.95523185217963 1.69868405592131 2.83551870353485 6.14287526678980 3.28308753730596 3.87453600175923 2.08884707209714 5.96784233034404 5.52680257218554 1.16628517806094 4.97604504487029 3.03994745877420 0.02356660695639 0.05117717325324 2.02073084136174 3.93575915071918 2.71191843202651 2.47822137081761 6.11982061600804 4.56554251089441 3.59386740517031 4.00524761817686 5.32517679122578 4.33398206468869 5.93091164968566 
2.68983128391577 4.59172602473692 5.27148432363727 0.56352500335333 0.64515455589397 1.15585096634277 1.90093951415744 2.54353493230477 4.77558239407382 5.49464821397558 5.64456525069134 3.87678019885724 3.98005543285667 1.02967200376463 2.70487918525764 0.93980086586758 0.57289108172234 0.06454185540945 3.30210807443781 2.81168136127784 4.84599105987847 2.74693470441580 0.12461231880132 1.30029685934460 6.11520015706642 4.11328795756494 3.83790251996517 3.34533765604041 1.48039331457458 5.33500316144344 4.85206430193396 3.77455793190086 5.09518852510595 1.79249468473213 1.02364051531374 1.20078752205665 4.35407517296867 2.14033021954405 0.03426571796063 1.35017155249059 0.14037542041509 2.94367808217434 4.78325501700293 4.01673506713267 3.84415711811362 5.83153902004102 3.78529642224692 5.56311902225395 3.55417863972607 5.20324566632421 0.18418392328640 6.22394050052181 4.49471507601218 4.72493734406660 5.77521332066602 2.49407463207076 1.49798879639055 0.77138511975685 3.80548051655500 5.71801899334922 2.34175532885567 5.88802051008046 4.66456889283472 2.24835633770602 1.57923481266103 4.01383853448576 4.34269692874025 1.04651131206035 1.93804789973016 0.24908443604150 0.00224951872760 2.64262470349699 3.21927413616166 5.83514776769792 3.93648037959339 0.64725273015706 5.80870841470888 5.22275558992161 2.22257529668406 5.95975165970339 3.59783829767380 
2.37935730086872 5.25007823287541 4.46522977910601 0.42708114891764 5.89131954568443 1.01007230746612 0.75860202718571 2.58545799733913 0.96760183784959 0.29583399010427 4.47114025707608 2.11730698474572 3.07564230517868 5.32423017331494 4.33308590332967 5.52494526515703 3.12119496220113 2.10314842207798 0.24876765192190 2.15772954053075 3.43869977944437 0.51333189267161 3.46162563940737 5.73828268282813 2.73784338507990 3.62587943058779 1.40660128057700 0.05003823547349 5.04667075565904 5.95572257187620 0.44809323054618 0.91073758161236 4.65458743474912 1.53808586187444 2.66685547091300 2.20906451249737 3.04431894591197 0.21975506502704 0.40236180510636 4.67207401076774 0.45831852518316 4.42206377454563 5.13397858512342 5.38630527617053 0.29177697951446 4.04975243171596 2.43879160245062 2.72666685165846 0.42925446378825 4.66315531705028 0.12660526798851 3.94886774874915 1.83652500815613 4.59176400873241 1.44474531147026 0.70507345960181 4.50402279330843 0.10071722434285 2.28230857655125 5.73616885780512 4.61271293610901 3.17257365717605 5.51026522280005 4.93820890328579 5.14170371403791 1.43110517053648 3.19263212607872 3.21480953931652 0.61075220606624 1.01498975325089 1.30229057658666 1.70553707258765 5.07084141922312 5.58661985652683 6.15185794062794 3.22403368061481 2.17773441662052 0.63971235979657 3.65966541793712 1.40916444748883 1.66549153167986 
2.62956871160320 3.80862214945693 4.36101481980904 0.53948038922686 5.64211084057231 5.24482181242301 4.56744047449582 3.32709592561978 1.49723181690305 2.37593702534164 5.17062513313231 6.06504119819831 1.32354330007307 0.14235743460748 2.08453611346811 1.66707178871077 1.78349170799117 4.64356669229201 4.77190579749590 2.75949258791951 6.04338472737992 3.57817689487929 4.65465231110155 4.78143545434477 4.75012678996330 6.14367747306627 6.14688965173628 5.76160111345322 2.47894099078057 6.06866486468161 3.86588508774850 0.92065617564676 4.57797436552512 0.43655760848420 2.96422517412736 3.82886879966298 3.80157993596912 3.64915862267833 2.09943743455786 2.70395584142261 1.51158919599116 0.86490217040402 0.87257424405528 2.15281111463497 4.93204916197329 4.14944466365183 5.48597533272131 4.99319337379119 1.18114226404710 3.78564309499574 3.92951757790540 5.62141222367658 4.17635431885622 2.97852753329855 4.76803536409841 1.50720241129331 3.14914695096201 3.38937434269510 5.67359975445870 5.67269337085493 1.69014187204929 5.90157565594003 6.28155592857061 4.31133701162358 3.44702133857289 0.91451821639208 1.68389977388393 4.75625130391069 4.89234877622800 0.00994913779704 5.23354237456467 2.53593423369953 6.11133881650695 0.92135638300043 4.34283909423303 2.15998362051110 1.19473333819732 1.18403981669991 4.03145777550367 5.33925644030075 1.42839983408747 
0.90548426442076 4.36638677873346 1.42519632110130 2.11238274467669 0.63104222960762 4.76200493123011 0.68357300259262 0.39940230244832 0.26814167302903 5.84036128021457 5.69965594380380 4.62145903123486 4.22395148014199 0.33563181445125 2.48677840274693 1.09168953876440 6.07621872685045 1.34127933267817 2.11164804769656 4.55261667662182 1.01263432706934 2.20295700949087 4.72603514329644 2.36065353251664 4.04681155475102 5.52681617549918 5.82818143483207 0.68374574202193 2.52811099526560 2.38433893910079 4.48160226560388 5.99709710160105 3.51449922672164 2.60719672284009 5.86525114756484 3.23926517796724 0.47875883693418 1.80651789995313 5.48207060797767 4.34598668551421 3.95623699671412 2.37771226950845 2.05120240562138 2.69131607502088 1.96916789967479 2.67184306560592 2.05625247967046 2.87314543769164 5.75342108030905 6.01368191678227 3.25766565105678 5.67209499055652 4.46440295572955 2.87508610054239 3.98400764735224 2.55510825028495 5.21117546634016 0.17486683469962 4.55654106214733 2.33989107866483 0.57860676482470 0.29228564620333 2.90246395068751 1.21871573942856 4.28774121033218 4.19537394443783 0.32025795613301 0.33133379468014 4.03030743447620 4.17319250757743 2.21039054155321 4.31666207861990 4.91836159735404 2.51735740708405 5.97944492010714 1.50037997246385 0.67245166784292 0.10794246111366 2.60003283678690 2.82919275286884 0.60539497834585 
5.21743883144800 2.68321245282785 1.54808012314870 3.32901247510252 5.02367601217766 4.98266643520169 0.55319075103286 0.25576947799889 4.36616459713052 4.92797094340738 0.49060053002047 0.02246280412239 2.76154721445396 5.03785743369296 5.65897866412581 1.20297281428891 4.34795291689012 4.10817501689152 0.78946827892624 2.07202293042637 0.17558253291793 5.99277572432565 3.12777769586482 1.38495964058967 2.36408107445721 5.96008480453201 3.58389179020520 0.40641781634041 4.99254047117973 2.62540792634978 1.16647537046206 0.80019159174419 1.92851507143864 5.03786416021883 1.50348274877732 1.65050298369032 3.06677058452641 5.71039836414287 4.17745123260604 6.17006693818608 0.37495441461096 1.22856469921267 3.52426639646323 3.25837712983610 0.21265668077010 3.04736341899463 1.48119396053301 3.27206855633119 1.37753866015624 1.38393991130780 1.48358835353784 1.91737205621258 2.19269203916727 0.02582535761507 1.83460751027268 2.26584607501595 4.90017131745744 3.49845820468137 1.65136615450393 2.73127344537951 4.85189595378643 2.84210512396829 3.90406718567605 4.73087288327975 1.84893614970559 1.31100788365877 1.89137968846472 3.12826537199018 4.62186840104943 3.39912747102758 3.09719261676763 3.50395691148728 2.05256253668215 3.12392987024871 2.69705480919706 4.23842545098015 3.91409385923071 4.24701082831253 3.37584760507743 3.67651878404817 2.25473289623152 
6.06981660291003 5.97907767669546 1.51564579735044 2.20025432006506 4.91516452950570 3.32095509263925 2.54995333293558 4.95590188880962 1.81180660725087 2.05490081173462 1.24151933115612 3.27061012596731 3.55604327687957 0.97945157275440 0.72457648030320 5.29377265831447 1.95940181931307 0.53292115992914 5.50437853375061 5.29535676543545 1.15720460479906 0.26203974192545 0.47035502873510 2.94467627275926 3.66155616086815 0.64543115430465 1.67100252764582 3.98836886198090 0.28122476310200 5.04238995546809 2.43239133795750 3.57801940655095 5.82005585932759 1.78583150283410 5.15685932805657 2.07851236256801 5.74242633862094 2.48355051600168 1.46967640248183 5.38378979579853 5.57555864433657 0.98074546608936 4.69411803675634 5.61928120969556 3.34139924174363 2.10475736851345 2.69027030698984 1.39575358320032 3.72890296725288 4.96812183747781 2.22651007810863 4.90318202094257 5.90896815409410 3.50001086702838 2.85524643583052 4.47002766463245 1.67923845704163 4.38651485946127 2.38882926286527 1.67330949786540 0.47910357803570 2.15302080851845 5.57514119399441 3.72888447329028 6.16818941894183 1.56933341379687 6.26592546024500 5.70827495144279 4.65715824553320 6.21052163635521 5.49542892937501 2.96352261133641 2.02688588922257 3.47749872063533 5.11156484694093 3.46400549951373 5.27558058724299 5.08792670522588 5.82565402607206 0.34855687232720 3.08745470514508 
2.11529853199007 0.92235653020750 0.84098778627756 2.48720378229851 5.20677887575026 2.82015470322980 4.99346803770545 4.65711250826043 5.50991195331402 3.51773277798439 4.53070113575540 3.66199359579466 5.26540803001727 6.27522364557719 0.86357062831200 3.32540627738426 1.87575107292100 5.05078290423343 6.22131266660659 3.18131167317128 3.76239408644920 2.23197476084440 6.10546311677751 3.30007102658752 0.44465062506980 2.59073196225672 0.38023409220032 5.19337567698141 1.40051342532469 5.85019140411373 2.14891853938672 2.09509425113465 2.30119644289955 3.09311484898897 3.72020768288049 4.23454388125567 0.39526374845360 4.25786024294329 0.00643520429398 3.63629226444259 2.83173567807160 5.88748465346312 0.30629555050049 3.81198756083345 2.56510890135891 2.07286902193746 0.78613266932060 1.38338621749212 5.59086294747925 2.86673156402541 3.48307738314552 4.55698488607262 4.14393027733396 2.46596066551279 3.10237631922300 2.01067592426066 3.33487032578152 4.21913090104333 3.19662074548009 2.19079413517679 4.16492277093057 0.42885365903603 6.19791910484967 0.92398579613363 0.56179487387518 0.61768298352347 3.27079757289775 2.07150005737935 3.46018491721276 5.70848947977107 3.16615794414835 0.16498203693562 1.22508340113872 1.03663043879038 5.21468204101105 1.42141842867494 4.90320481135661 3.55304850876519 0.69801657500542 5.57339462031422 5.91038033231768 
3.99984421241604 0.40844436257321 3.49121123436510 1.00508580698908 4.61913916047860 0.50620714046003 2.87521773176041 1.77004591317753 3.28782594070822 1.38370934941538 4.62172767569607 4.16779976698503 1.44038396764228 0.27711102936772 4.09490513441746 4.73398014718150 0.95598108461851 1.88684664986538 5.35320422118594 3.69435809527961 0.28182010129126 3.75570745274855 3.98116807940055 0.91596608743134 5.65009459057236 0.86839441396491 5.45780088014315 3.74073221948248 3.22294114350046 3.85383263401277 2.50306708373594 0.81448243628271 0.36031144578976 3.17681335675373 5.26730708422060 0.61555893572580 3.80341210708513 4.62205911831436 5.73581859594205 1.24011623307360 5.00538719029270 0.19340623024773 4.50595837581350 2.30117963022163 5.06789660691853 4.87710372337605 4.50127593910450 5.72875965332312 3.81889969186442 5.59821328291541 5.05602064081586 0.79263120972912 3.84318837642327 0.65515455237076 5.45805411650109 3.23775465327669 4.56941291140252 3.02405815429738 5.71307832522040 6.21134401522526 6.01959396763272 5.01554808050315 5.08651254898121 2.24255458170270 4.42159101554455 1.54321048420399 3.14716062579528 1.86660223210347 2.70507668008433 1.91629085085248 4.72805218798234 0.47525448123581 6.12799660984617 2.01910435001029 5.35724151102633 4.52505214752362 0.79723400798595 0.72841025206522 1.25797958126478 4.15419755690746 3.11733115760070 
1.95625718303121 4.94089077225470 5.22144597243394 1.88348477231922 4.04396875531264 5.92164128520599 1.50298859576551 2.61972446646598 4.28904794782239 1.98191471916090 2.15980940136443 2.49395598566185 3.77689094342255 5.12378497242747 2.92950327094779 1.17452773670174 1.41512683784380 5.08426179815701 2.32239357024483 5.98620027888013 0.04441111332555 0.15324688136680 4.08800523017405 4.04769257930952 2.71057331559561 1.46258634548618 4.43977813684118 5.26438202829827 0.51805343523473 3.30125467406568 6.14360711913448 2.49354347225075 2.66047403631974 6.07873481967486 5.85096162628554 3.11436777069753 4.01135477120525 0.79161514795522 5.52478819524610 4.63199878450220 0.62178928612930 5.19760687139772 2.50290500175256 5.71184277923124 0.19039075065043 1.15099451411266 4.21777236972979 0.76944521570054 0.67386525754952 5.88788917657902 2.41159373515636 5.80874582687385 1.55859348867905 2.02981164817677 3.50469512199966 1.49714144520949 2.38385634780469 4.36938896105147 4.69322524076081 3.26288388520910 2.59179264209379 1.66683906041789 3.41301626468584 4.84076798184809 1.30315936952687 0.99526148262081 2.34123302906494 3.22816244571898 4.85113584463523 3.41720489691704 6.14168584051694 5.10027059615462 0.10857296206711 4.12603166313727 1.92472242223202 6.26576215764007 4.78641818825894 0.54211785316482 0.90310721261780 3.91219532653211 0.41796550915163 
0.36373735986405 5.35541247745774 5.40697702548368 4.45872148814806 2.16141874466797 2.05830480586985 1.05550061327510 4.95085880647120 5.33558439369619 2.33099134770317 1.83963369473967 2.20670831979845 3.93747881409215 4.97544795681990 4.12318033704175 0.16827769041159 6.21410458242618 5.57336224525887 3.12156377252481 5.53809022254000 5.78222644083504 6.22023456318930 6.07887501176253 2.85782087733415 0.41151946634211 4.00539684596155 2.86509592608471 0.00881891185117 6.25069326404876 5.22196095005402 2.87153968367455 5.97731971478986 2.97717472119586 1.10512785262284 0.60869853102299 3.55921985059622 3.64085903617189 1.23026629345393 4.64934207055038 3.99441605502542 0.97124154432213 4.11560251650781 2.36858051358848 1.21595387717773 3.38936727612001 1.46780636543202 1.10241414031257 3.32870661536415 1.87455797524286 5.31809161745950 4.83060205078076 3.62887153069741 4.26598226021397 5.84733942944428 0.45091635723134 6.16188090117536 4.41649326385542 6.28042403603064 0.05166500194508 0.87539609307623 0.69136389266822 0.04179332916051 5.92387531111819 1.79937710204576 2.51191572598064 0.96469950815608 0.06123045619685 0.05269130141467 0.05633568226724 4.16489371661406 1.45958805721653 3.54330066901760 4.62673331620089 0.81932447367168 2.04333425882509 1.73122290579754 2.09492866402529 5.11949624851396 0.44576418239454 2.61148107758208 4.90776751838718 
1.41585241797148 4.73497976312020 2.95198445902382 1.92958937896052 1.68653822611075 3.22691675788346 4.39063852538840 4.94447372500769 3.87769469420827 0.92687869162522 1.88558362854869 2.85604736647490 2.42649751044022 5.18790439612909 4.87552168477959 4.21339422045965 4.16635043659184 0.59561613519625 1.08329398677923 4.32022959358930 0.42122975764677 1.84252172723365 0.37843561685185 5.42643489566077 2.46235915770097 1.72592257055195 0.49325861058251 4.78103923266508 3.74333402051367 5.38616243771125 2.70624244324231 3.22461316586536 2.79913725659396 2.45670921278452 1.49117722996122 0.12478710458529 2.88044838206210 5.29440538111539 5.46131078562667 4.35360275218750 6.12994685411875 1.24349767577297 2.48584854687404 2.47125543427747 3.69799305155539 2.75212992594515 5.64346155217216 2.47023263369088 4.67180627570378 1.39463013704975 6.09724282285205 2.55492671920897 1.91795849536369 3.86032100524948 5.28943759349954 1.44485208765522 2.33557603419324 0.06014942055493 0.81310182616903 3.76694149104833 5.32480999958748 2.67542911900615 5.73041903486307 4.31188478615546 3.41818802546400 1.85889141968060 6.02462544664587 0.05040762549391 2.53213510865778 3.60183414376700 2.99637866313567 3.25143321085016 0.16261061983409 4.05619547305282 1.95005441775662 6.20059669448439 1.59862462220744 0.97724627891386 4.61279139543111 4.59385217971038 0.07076523050622 
3.87206145981382 0.52359245676305 6.18969099550045 3.87641993992860 5.80102819267625 4.02719893353840 2.86692296909083 1.76673159142810 3.37442650267894 5.49313111301161 2.79710201441790 2.53456945577257 5.22506990169839 2.17064107074100 3.26438825233539 2.48769867212058 0.28539571988682 4.80719856656278 4.70490949993784 4.41454898303051 4.40454321516253 2.74509363846547 0.20413525671037 3.03958005963116 1.01874299003120 4.96963948531015 4.29953572034809 0.41342474845208 6.07223084654854 1.00929645735577 2.30550139509476 1.33312409659781 2.86636687187595 2.86650231511531 4.70463097161536 5.15692381597150 2.18781624954995 1.63539822904412 3.77360380614896 5.07157799801180 5.92975736394603 5.50722946736558 6.03911066983971 1.73797047703546 3.30904492416520 5.02016772531485 6.19091226070675 4.82356297850639 1.94354640099629 3.12348044318488 2.84324806450562 5.55757717222338 5.49732571889437 3.08297380163397 3.33783137135789 1.61619505425016 4.57736896427941 4.13000592654875 5.49502039505540 5.32395250831441 1.43418964957960 6.03403528146720 1.26300849647421 4.19815252800570 4.29545454339979 1.69577213196005 1.14658439647682 3.38804581131715 5.14608440829547 3.45928779412572 2.91078971476367 4.74107729535824 4.64288929316971 4.09197245011879 5.72686876242247 0.09015817328739 5.04190375652991 3.32577004259186 0.26310233322137 5.27651322490184 3.92756476093108 
2.36691144812768 0.51098490821834 2.57245095037680 4.44675162835648 1.29476478165212 5.25616172127275 0.44062891498364 5.22592040806199 6.05240125805189 4.45720361039373 0.02138261924117 1.38146885362425 5.94419599600670 4.86434648461159 2.77104857901078 3.82257665474595 0.01687491373754 4.55969277047254 1.47758273689809 2.66615990976763 2.80870381843804 3.20774716937363 5.63664751175726 0.35351980961196 1.01419356679666 2.92991477533954 1.68057851601455 0.21243097116953 1.74716479887392 5.05741271112612 1.42058010703519 3.85109652062661 4.86446746769558 5.88756391911535 2.59040381979722 4.35745518455547 0.13068245825042 1.11674009190806 4.44519426326274 5.38593025602123 1.42302689891807 5.50112854224557 3.39247519649406 1.03759935049275 3.40525468579977 0.70724282925674 2.20061382516412 3.37950419066614 1.98461911171525 0.37582251814222 5.26307003100564 0.66201777461565 3.99880153621904 1.63383216234247 1.67787332456844 1.06713042461876 4.32307237086462 2.81124430711882 3.62338037469621 5.43300299095300 6.11602039822238 3.18987621447408 3.90501625668785 3.54515986455858 5.54746425435983 5.72063792565324 5.90850056222858 0.88264406256875 4.46798256860260 0.97713094972275 3.66225600013909 3.84914124452515 0.45171510124353 1.71986881222563 2.43083597905271 1.79772482671272 1.23517560468947 4.54045801034797 6.07922327890741 1.77628222604291 6.13693016963422 
3.21629618388880 4.48349200422699 1.53628298650106 2.39521271930749 0.02864932632071 0.14951255401609 1.53347824111496 2.06736306878604 3.54254521599642 1.67413131960760 0.73252489758151 4.00188850749838 2.82219054840794 5.74621174689374 1.64886985179295 4.34177148880562 2.12631293795133 4.68070259602586 2.82611653507417 3.57230689477153 1.46838144200012 0.75953194781949 4.44447451816361 3.71738633537989 3.45441431311962 4.81390590372331 0.38953593291560 1.54237969550095 4.59478369660029 4.12151520792085 0.47936746310874 4.40118366458136 3.05904322689807 2.33062446392921 5.92615466330809 5.47854996469792 1.64405325028159 1.93450761133259 3.32068181642896 1.66347775761905 4.74567531792027 5.97927867411597 2.80698395299874 1.83555781478975 2.80910008625526 2.54398454020084 2.49410661998435 5.51224126656874 1.79938630764301 0.20644617126882 1.60514901124990 1.74343623668373 4.12600732796219 5.76450901165080 4.49561329802035 4.90236102312665 1.97657696710695 3.68626078513579 0.37908432502796 4.50948851247532 4.17555365300225 2.60624032718679 3.54328262788218 1.10891468870984 2.87170425612640 4.67426300462171 4.22564724419210 3.94045374671219 6.09992484197559 2.37400277053135 5.04537114554242 0.29369458477630 0.42449197821397 5.63372073491941 5.82380471756842 5.56717521914587 3.27461596364183 4.15634935772813 2.69960486329111 0.09948839398859 0.92618889342765 
3.35953065339724 4.64340452931466 2.14306029428754 5.68579500148672 0.29304984788912 5.31942280809705 2.25792115003891 6.08329658465266 1.19018845513825 6.24243161307234 4.73972492064934 0.47615626473075 5.58404142624213 2.89046994796792 4.93852097436781 0.77582677894112 4.14813275749994 3.03338639894990 0.74448360047655 1.28227065883021 6.09372276676408 1.64077052760046 4.18841143042163 4.29496292208889 0.87353252192294 6.12828739671345 4.69739743212924 1.43073551183620 2.16977044400700 3.44970759212696 4.74153341587781 3.38062482852747 1.80491565210226 6.20556495831338 1.82365831855303 5.53040182696779 5.43004346665356 0.25140293564882 4.85794169635776 0.04929902334600 0.93758947808777 1.27550245551133 0.85424787156107 3.41617525913093 0.52069047373498 0.34834043962012 2.20412660316114 0.98017038604698 1.02130653263594 4.91028720061176 4.02307058693115 2.69950985077334 0.23189635256546 0.65287611068062 6.26425496040262 2.80524948475617 3.07049666458065 0.43949217392932 4.03795030327189 5.05369611786803 5.48193665106863 4.58240747295142 3.17797430351510 3.73408084467725 0.16195708394913 3.62803161211046 0.64309780083985 2.47481474152903 5.86417078525009 5.48748358028702 4.80327311013531 5.01947187098142 1.36497565434752 6.05141827996944 1.29742787330714 3.69823116315955 6.10123239351868 0.79921093794067 2.21420123421994 0.61247403628255 2.26091631830887 
2.84196961638775 4.47572531364545 4.23419269731849 6.20896558623817 1.60468462567642 2.32097093856157 0.16797890200441 3.74367341797409 6.05104742390361 5.97355992220549 2.54214623945425 0.95026073583439 2.86662957054557 5.15521424807196 5.51203470319204 5.14157947801327 4.53001634685262 4.57511609552304 2.72275140699682 0.00718487635056 1.98501834221615 5.49105867414617 1.82043678775822 3.79459642412261 1.14743450403894 2.06954180955997 3.06306413497926 5.39498667996586 1.02095617425309 0.84605461447343 2.40008867730915 4.34310462124196 6.07079410793520 6.08885318832579 4.11076756056204 4.99798052733232 3.38898036314872 4.35396515478225 5.30789903818629 2.48919148124083 0.49512128149616 1.49875608327119 4.58316998955235 2.65943847993373 4.47528725307323 5.47309208014547 3.53538544082538 3.12033830030871 0.52328139778105 5.57260830537701 5.91654118047782 5.78280234279362 0.02927740337023 0.89963203452497 0.60654157896607 0.88780005229233 2.50319530047310 5.40425162102022 3.07980933782167 1.58108413224865 5.04408211256706 4.05218587724434 3.82813253256453 0.85859428027504 6.13661210997167 4.07772890712838 1.32211061529340 4.63660659640252 3.64571520552093 3.93190051536115 4.82792881229599 3.15480996289727 0.19393298081408 2.82131762533217 4.08459149752030 1.49871618537152 4.80838552138275 5.70745735412647 3.39953764934511 5.04192325523425 5.68829512463207 
1.53930326098636 1.03972991330301 0.06929412816228 4.48753110979379 3.59192079235053 5.20764693331925 3.32202008561417 3.66202538259197 5.42827466749327 4.63547752389510 4.24545918260218 4.79131761894443 4.44763256807678 2.68235052820387 3.73565306156584 0.44180165192562 4.69644445949237 2.76313024440150 5.15870412692183 3.84594752313149 3.90192259395844 5.52178805125553 3.32148401309643 1.87576856531663 1.49324148491936 0.69933028814599 1.03869621302262 2.42721848503364 1.51571443141622 6.18563378630790 3.17739475250136 3.36233370574142 0.54481849955005 4.32635661361307 6.23461138851979 1.01591322153540 2.60337797030663 2.50258462085637 5.78553383241293 1.94524333312317 1.31946320684333 6.08523000391920 0.31491583154763 4.61185373585161 1.05567280926546 5.87197866340104 0.38637471432825 4.50984641195001 5.18841825871140 2.57928369912431 1.77636565439006 6.24404230941730 5.06978376442565 1.05781465279983 2.33062449291904 4.66280505953115 3.55994672771115 5.04398378100414 0.84247047952969 2.44749495488485 2.88513474641231 5.33601005276332 5.41459727819938 4.31284142347519 3.80537963857047 2.94472121056747 2.86611828873133 0.21379428721944 3.07650137753736 5.88945765367092 5.85031234640284 3.39169181642711 2.69657998595004 5.94890071047413 3.22724608839860 2.64767043463098 0.97516036988033 5.06516827664060 2.34250383016268 3.76308009675006 1.15656753226279 
3.23893057446929 0.07180071945213 3.21939233478164 0.13646696381921 4.69143094004690 4.61531839939628 5.74304086484552 0.49058644220882 4.31592511628152 6.21244473741632 0.04411802290639 5.48603962249935 1.62366499609778 6.10614277872282 0.95713071873650 5.84135861449688 3.37446864195875 2.98690185144593 5.57972227459232 4.29696525625491 4.71619357266243 3.95939604814182 2.83756294444740 1.01323623114405 6.24640129237771 0.65668699885108 4.41660607317124 4.63606200916755 3.79302336997991 5.58612197557814 5.45985286545977 2.09277819251681 4.15647620595803 0.29306821908539 3.68364748824045 3.98844916236239 1.85030089671974 4.55263951967246 1.02682034380873 3.24623323836814 1.56124125724836 4.27542125204149 0.00306955385095 5.91806902778075 4.96751505505010 0.93671001882629 2.93162343001296 5.13252643358554 3.59836488920613 1.21918344825688 2.19798041048287 5.18647209397120 5.21328104817215 0.33197338840568 1.18038345474626 2.75903182197025 5.53124404077873 3.61150880081876 1.81521361454870 5.83056593798180 4.23531329266725 1.55165836999712 4.46521255233239 0.46156259162899 1.79912885320924 0.15550033246142 5.38478790911809 3.18534424167868 3.81893109807719 1.04716637682191 1.13623533292804 0.52140131173501 2.21584903770698 1.67012262948472 0.82495359270181 3.66731869680362 2.31258513329670 4.03639961839213 6.24433140957300 1.56947043948145 5.07317987108608 
3.66487058744308 3.58672602378318 1.98154547534195 4.79759630801944 3.86275670955925 1.59846163308564 2.28312314143469 3.28131822335754 1.68712398102064 3.11369143830003 2.83427130203230 2.04922588213929 6.20882345397226 1.69310470126112 2.51564223846809 0.45524977312991 3.46881648269249 4.94492531892048 0.15341934946794 0.62712379230110 3.14191724089082 4.54694086861291 4.24116655385506 1.67834897518528 5.63951792563812 4.92921381607425 2.08941130458120 1.72909277628940 3.21050173089155 3.61642018813343 4.95348181643371 1.41543758583299 4.62639033151600 0.44788121557636 5.37054557924839 3.53119800092217 1.49620736551305 1.88386223573188 4.21911228660256 3.33774936869447 6.24442703531687 2.37704091051117 5.59135421281436 3.95120580977779 1.14904824594612 2.34650712302240 2.94467264819598 5.23278358817862 0.54583600492541 0.21041683415184 3.25561600003168 3.84658297481770 3.22542060050377 5.07217316027706 3.91972200735193 1.47556536026323 1.43746028227238 2.43447931830141 0.90560796431529 2.16971653271040 3.78505382658959 3.03751892685054 1.34340870042297 0.70766697304440 0.55711137627143 4.42258683568839 2.96909133158754 5.03153364406471 3.73360211570063 0.21796295607774 1.89518535791254 2.49050849455073 3.60275312022477 4.11648370939972 0.40188218460787 5.78417170066376 3.74122249566469 0.28020275105232 0.24330122657627 0.50401861339165 0.89638824099072 
0.73836296859772 4.19671833610631 1.36936767895386 3.18182572409474 6.26389284972929 4.93383492930890 3.17822718977636 5.69416882937659 4.83639247244159 6.00125189397094 5.67486872338962 2.72036247864329 4.45898855330696 4.74426953922308 3.63913005613273 3.42267869392417 4.34429225532363 5.19005951266772 3.41954777967610 0.33823874654190 5.39763839621223 1.10457275099031 5.41482811720966 3.80630343978530 3.37053834707335 4.83899507483830 5.47893247760228 5.38955307431262 1.52628275489505 1.28813336258574 6.18529288630890 4.85649042633688 6.04725302135139 4.27485040529434 3.31385713066739 2.62953869143153 2.93624570351984 5.28304645815776 3.67382154718324 3.33351565925009 2.35959281820231 0.35742258283669 4.86566994344206 2.18900914703088 2.28716673738945 2.03958757634969 1.59288295992511 4.40373015217457 5.89492099470021 3.03945786037957 3.20493941644772 0.39096952738983 5.75892138194124 4.64813228328318 1.76805845302890 3.31007643823750 0.45745608851029 0.83890702150337 4.63433483449150 3.04796697788938 2.19236539321011 5.19267425147037 2.50599611186001 5.38829386262050 1.24146475071846 2.04164832752520 0.47199375907248 4.06942801598504 2.78197252240280 4.49096514353114 4.56116348939679 3.36445667115947 3.71077547003898 3.72605951953740 5.36609122004343 0.80718184672176 4.76224078368041 0.79613064222044 2.92136306982643 0.56849783858706 2.31806967127631 
3.00518295337566 3.73979640948964 0.94280834581180 3.97327537299993 0.65855035291618 5.78035415212835 4.67652594379221 0.08377843841863 4.62974106138886 0.50029969595600 2.79676438579040 1.66680609091346 0.48134135325317 5.68086936620447 4.87642803057907 4.43884034730935 6.08592771581040 3.67999194366301 3.57090357178254 0.97289687630204 5.31961834040002 3.72772664128924 0.71990577506299 0.45414325611137 6.11871234887011 1.89550376960269 2.38630706964967 5.88113921501199 2.52170174485008 4.28851163165541 5.70305394900839 4.81198680455600 4.21908501349005 2.31004133974476 2.01148209636604 1.90608221492694 5.27072026902558 5.15182437227792 3.53342574402610 6.14272102089924 1.44085400561505 6.23365648041508 5.03432037725448 1.77008553120860 3.90284612612580 1.87996981849503 3.09494582407265 5.13346749955164 1.79242630811906 1.67064826034114 4.83016103503497 2.77178063711035 3.47129849635766 0.87528094645828 3.27957637328206 3.59124175934613 1.17951753076104 0.93358891033242 2.26460883275347 2.44649139667179 1.28819316104147 5.13655149039427 6.21736624337296 1.23769887139428 0.12571117496990 2.41995148781090 3.83046188141315 1.72892128131662 2.81071037816509 5.19265806688461 2.18570333921939 1.08446639137891 0.55907576322951 1.17544310447825 3.86100242373932 4.83049270804239 3.31712619125985 1.00641820562814 0.56980659797793 2.58119681636388 1.61423525920185 
2.54354345509046 2.63485458648944 1.51036992458459 2.03651245635433 4.59455731634566 4.68098216884135 3.99012487577242 2.57297526172550 2.67670663976958 5.90420196231920 3.18104603793017 2.75295749387770 1.40016491012186 5.80174209806408 1.63360180090319 2.84585175407944 3.20164046294174 1.90293678705366 2.34081845120223 4.49594886237451 2.53219540259016 3.75716708940424 0.30264562400720 3.26245190317592 4.02827005561791 0.24595116339128 2.29819853049327 1.00616585920318 5.72085603858495 4.04059250864136 0.44961076181002 3.46816231275315 3.38758985008450 0.11797570020106 6.09706628224913 2.32552229402812 3.11537701239586 5.57601856374333 3.07911436171259 2.71379205660432 0.81658033595000 1.26517323515439 1.19638274665820 0.33973445571649 1.17586760469277 2.88414485429112 3.26584264651570 4.95277601941847 2.28204180182810 2.96607450891523 1.39401779384746 0.29686491850852 5.21921292507358 5.37340883810875 5.03675227422807 0.80380327634471 2.90406003119738 1.24007690351005 1.27808682678091 3.21011827928130 0.77353011443972 1.80900205013664 4.89413971468800 3.19219360056575 3.16611268001106 0.75181139037526 5.99289346809799 4.69107713874244 2.05378685874977 3.99032067144933 2.15362852763525 5.78176193431437 5.79434116736848 4.83866783297751 1.92753426210169 0.39746878286613 2.04022547606671 1.50496592308317 5.38959444275877 0.92285790532258 3.05420875309124 
2.53903171779577 0.05545935071292 1.47234666577883 2.02390639140550 4.82107217110111 3.69398529719045 1.69110521290962 2.64923402655408 1.37783869528812 4.54078736487391 2.97554868549582 2.09880057094210 2.20879744481394 3.85154030438418 2.52576814196298 3.10589264020329 0.04589569574669 4.89663561454462 1.09756175030892 4.49330019550117 3.65078515980561 0.16780319847009 3.24443011136563 6.25556280576297 0.15030921852980 2.05212403110099 5.81779354564774 2.84422788659966 5.05832161166040 0.48629449287340 5.33327482231891 0.78554971961163 1.87433866302967 2.79989625732021 1.38560124331279 5.17833445734972 6.17889321623337 5.83120655354884 0.88668528289911 3.81668893833286 2.28968783908029 4.26944496188510 4.59944773458546 4.90834029910538 4.62134182956347 2.42508888607942 0.14374211343108 3.83568238117369 6.21301168370474 1.94143516455216 2.50915902019385 3.47015833744509 3.67922365338491 3.92415965661590 0.22945362042381 0.12621806315077 5.95498577238792 5.99021457356840 1.02850692297793 5.40441045706837 2.15345087131578 4.75432393836012 3.99500978491167 0.88718668461160 2.44499671181814 6.20972840192615 0.96269571621974 0.42952713467460 0.27787090154900 2.89732456125159 2.31823709257173 1.96542859249176 5.99099892587956 0.31786688893745 3.35927511640672 0.99255698939927 1.53750419065066 0.73729798722781 0.05378456073484 5.34159055520787 5.49164830869763 
5.01730009129472 3.02207133630835 1.62260747518794 5.01316898743318 2.63100074872163 5.40159672024009 5.46859788896641 0.78251975088974 2.45991262459496 2.05784434467601 3.64091324118871 2.67610671490527 4.86434897159598 0.86098838047762 0.07870672046262 4.58611773350694 2.25644436684315 3.52164708919673 4.74631757036685 1.08543540731602 0.11144039008136 2.35320383566199 2.42272175295623 1.14073350897256 3.72386460144029 3.58981901667451 3.98534242053837 0.64550310316553 1.47201615101960 5.33043827455205 5.25429730153904 2.31384958595492 1.25162622405893 1.78525565782766 2.75371923168135 5.07660097075564 2.41183400314790 2.46376081895103 6.22708201478063 3.12909562342493 5.30426024309560 2.02055829547894 5.96329403729457 4.95999232754918 1.64762998948409 0.66610415740824 5.24794384446766 0.39166997049542 4.48888366326078 3.41786762656214 0.50988598927701 4.72813673842042 1.03861579319364 5.35468679800301 4.25841424821034 1.09500721004125 1.49312587654064 3.58451776875782 2.42835412799498 5.99538036758699 6.14309497146724 2.75572532730389 5.69308229088283 2.86878569829147 3.22674733665727 2.69783637308060 2.50054539645179 2.15374615912606 3.86052815631193 0.71852491446917 1.23783782850407 5.23106113847235 1.44257255593609 5.16609461914113 2.82904641929046 1.43747757358445 2.48154562408150 4.97609634308535 0.69446625966876 5.50128626424146 5.71006602736980 
0.34599680509972 2.71077028236927 2.09876454691265 0.49202276564972 5.11326164072070 1.54130800814280 0.91141298583816 0.91122097955692 3.75957597294365 2.44242913293722 3.80586039558077 3.72979929247370 3.81397187682158 2.18309223459324 4.04118273071265 2.20951398636959 3.91121817008632 0.90860786805995 1.02410927608922 1.43267718344670 2.08404569750910 4.01211455626630 2.20757911651977 4.63039189767161 5.36055954329453 4.47497326205560 0.03606422418027 0.39638076686068 5.48063965152970 1.65007159464343 0.44860185040370 1.24681951447264 6.09240025631935 0.39434939087328 3.05915390072677 4.95899484822454 5.47841953403464 3.98905180885160 0.46516355577931 1.45575879063171 2.88662764347755 2.37921136301520 0.72402836427747 1.16993287962133 3.06917843875001 4.56958230462333 2.65486362851797 1.39506532856316 2.13807193237292 2.39341426776031 4.98228827536364 4.90209743400567 2.14341059252769 2.09727805500698 2.59826473093289 5.71300759181633 4.65447539459110 4.69864519585962 2.59438633870297 5.69628024578911 1.40404947330908 1.57971578083207 1.57878431859022 5.50566522542298 6.21071596771112 4.75792762192244 5.15016395249696 5.75520423163403 3.08051779017685 5.66402810530766 0.36844676258018 1.21714353551090 5.86932749805781 3.19056745582933 3.09657572440003 0.09430698398757 3.40890040664791 0.34063871699873 5.64548905030840 4.32339335823348 1.92142608136139 
5.71888430800344 2.79987900942566 5.18340736372159 4.08469752717091 5.04304413267488 3.60563947003335 3.04651054437785 5.72277814120805 1.96675640361596 0.10002286750551 0.58262483737832 1.75223890728141 3.82720099241820 3.08418955281065 4.35834342087160 1.51824407554373 3.21764251816397 0.56526098214355 5.53969608442458 2.80191492180926 1.58058206085284 4.80991250159609 4.43153496812365 5.33585868564208 6.02879692724748 0.14159399648037 0.44905914810887 4.61185541647164 0.31541116894175 3.67813910543323 4.12601997548927 2.24122300993846 3.49004519050473 0.78254901635973 5.64987869686010 0.38924000182289 6.03852111841104 4.71648469798097 2.46660623662057 2.41181455814556 5.12533212155576 1.15417911895678 1.15762293582011 4.93438733811925 0.69733521594469 0.90012802409627 3.26134713766929 0.67239685247032 2.62987340141461 2.45190153573395 4.31472936832225 3.23635092885664 3.55987339589337 3.18308918195150 1.82086442100850 3.19936028095671 3.39124644428749 4.85026329090597 3.19093309177420 0.77148333860412 2.82837719516039 4.54226303297761 2.57529588022287 4.47206424979848 3.87876401743452 3.51079692301449 0.64648347067203 5.35503957824356 1.36814450027811 0.94373884850717 1.90777147939018 0.27835053548290 0.85483315381570 5.29986002525130 0.69587017357248 0.73528208151852 5.11368410300646 3.48791599876677 0.28209697815871 4.65530773309835 4.18080531162820 
5.95044709936794 6.10679260009648 1.41579554304498 4.97358242393842 0.64833440151680 4.23528484327671 5.99288151634345 1.52530166270945 1.76387720096406 5.33742822201907 2.51701552974328 0.33121211167752 5.18707728899766 4.67452161943075 6.05620524398102 6.01476712969513 3.27906582361542 0.12308103136995 4.76238288930288 6.18388153892443 4.03032985994577 4.07315294528357 2.78668206128322 1.69872786188778 2.33318963174236 6.27522476390114 2.61783299249376 2.69349312673503 4.34308281410204 3.94390364328998 5.31178068649610 1.41883927626187 5.49156395188837 2.33295328584898 5.45518918495908 2.23619860007159 0.95745568480578 2.14999099790369 0.38169974732181 3.97330429503353 1.13676296816113 1.49063331257331 2.93971184094972 4.28850836620486 0.25392893160181 4.03930754663047 2.74832705402840 3.91967049641628 4.28979566455582 5.42285982874568 0.21818242418105 5.80614315158904 2.06327839943880 3.84687734423488 2.69768094867128 6.20076160625829 5.57905363816626 3.00116646115140 6.24387375346030 1.69709483606518 2.29207329912495 5.53945731269542 4.93625894688765 2.89910708701909 2.55358638258543 2.21129100114343 1.74305641504752 0.16863343984832 5.31212292953818 1.26705159731040 4.20512070088821 2.40475587526791 3.76445386701353 1.73024781442927 5.82269949438711 5.91356826330843 6.09800432246394 6.11771753026284 4.39410002189909 2.68789217326656 5.46495582016327 
4.70423576411620 6.11616306960227 2.95115967109659 0.72829300858452 5.25378638781399 5.76588768196192 1.00609739170319 4.72042103819822 4.94297244316440 1.23439124990375 0.49098561577869 1.59974572004928 1.52089902392819 3.45016918410004 3.30391345550532 5.52705780040657 2.73378401609568 5.82484511003777 5.43971564318254 3.24788086278564 3.46409614276145 0.63996413555268 0.40185246592080 4.89620462645946 5.32195062988880 1.98176206445764 0.52850549419644 4.70155810066710 0.43338995610935 3.87656782523839 5.21932485182072 4.48651556552141 1.38484709102446 4.78882089156987 3.00537529562437 3.48959348905409 4.67536822347308 4.91896189272577 3.57410819294279 0.13033963177441 6.00558575426385 1.23390493262531 0.69670824942665 0.85886102631170 2.82701497970741 3.73797223901556 4.95225710045750 2.85774191702571 1.21450006829054 0.30013072399125 5.02887515312820 1.77928477575187 1.96794409102226 4.15175058875036 4.89878561859687 4.04719948598597 6.22199219912213 5.88649821587752 3.94962935657507 0.79253123083803 1.80820200866235 0.26594856094790 5.30750854958816 5.86144453097644 5.78600668112389 0.62494587954745 5.49107442816465 5.70182915737916 4.30551431839913 1.92098833360952 2.37457645895050 0.61126403595435 3.09242813640811 3.80514919344373 5.34339052293569 2.93054268831702 1.87139424399605 3.41868787357845 5.92671456671505 5.84286592847524 2.58659871402534 
0.21033120799838 5.60938202781776 4.06220470650152 4.39511311737797 5.34504282706300 5.44705655071991 5.69439665227740 3.73205146467548 0.82935464618871 0.03391537385140 0.30599825950051 0.65455475116409 2.10771045822421 6.19907640573683 4.42173686545725 0.98543549971293 5.52807269070014 3.76264582495395 0.49021480243229 1.58188017330262 4.91731263660558 2.22912477247799 4.45163240205284 0.23977294311142 4.18444149891830 5.75205025375326 6.03117779788412 0.85852743651017 5.71283669856651 5.42666646683880 1.41056734266932 1.35942307115271 5.63139928795653 1.62875038323267 0.18837285539517 5.88458126348825 3.08229495523285 2.80896839977167 0.39337519252921 4.92740868903037 2.14644370432211 0.01009516988943 1.31527263757661 2.87163532583402 3.67176636659501 1.06265642988224 2.13999117517788 0.98506645472641 0.44536832140050 4.90045055554483 0.28579721180006 4.87298563108092 3.97525191580178 1.26116526262667 1.53413268351411 3.63977729418078 5.58860666256770 2.07301097127727 3.65219741705283 4.50303808510807 2.56353157493574 0.36291087141063 6.19226122721930 5.07577049155825 2.28472848978563 6.02440571205814 1.46805619411512 0.31365906053829 0.39776778807033 2.95189021188893 6.17320391684791 4.88084137343740 4.68718886455422 2.68998959271567 3.99798496551792 1.01494323545150 4.81890882396511 2.52033311915711 4.57610632153686 3.09232194218871 4.16695889965297 
2.79285809930187 1.69110755233105 1.08332684446993 2.75609785711586 2.17517028547367 3.60111532526175 1.15135717801828 5.97868231512897 3.93092850143029 0.03745969794253 1.50083732300707 2.76098844148343 3.41326508787838 4.07198800776629 6.14254590408332 2.91396419449584 6.04470639770230 4.38042871034056 1.95711517931224 2.88784969120686 0.87568044173522 6.19229610278006 5.75103815330589 5.31093717372296 4.78932455498118 2.80577983705838 3.99670588586269 3.58237194595835 4.91353476641354 5.32413107806595 4.26636416163880 1.78755244505125 1.39569499002804 1.79818231974378 1.53066063770779 1.85874678176665 5.82178353721609 5.61956619007482 3.54102305343540 0.35937750571918 4.40951729140709 2.73753930493088 3.38828489736765 4.01130263405818 5.93333576895431 0.37967198532198 1.78156518811900 4.27854128374418 1.94529809430084 0.67104892890929 2.96583964407475 5.54137497505693 3.55396470068664 4.33927076506707 4.81136808353494 4.25150257395356 0.66058492772185 1.82442430731155 2.59871662367241 2.42323941264204 5.34607120032347 5.33568436732599 3.01806077484566 1.40377236962049 0.79297450336559 5.21894108903685 3.42689310575241 2.15028091406395 3.06138694730992 2.14231627348096 1.32080293731915 0.45646515931053 1.05245900935586 0.12443387055084 3.80507772283147 4.77837743290250 3.64037029019906 5.75876062897048 2.98912030237586 3.40666885145239 3.29266570604299 
3.65625950009706 4.83377095513504 2.87909106001818 2.53280640287013 4.91985349661448 4.12109039317159 1.24451361080714 4.99112050267957 1.14871779972393 0.79489816203498 3.02960002950239 1.51752475160544 2.03717005506326 2.36903364415604 5.11044790935648 5.55618057868734 3.50428811626788 4.45735142018729 4.16438037180405 4.73800485033723 2.48630290643160 1.28440583482871 4.42770196646242 3.59407988412557 4.38952832278429 3.65029415594492 4.84232068075691 4.19104914836637 1.62643681189410 0.13732883053192 1.73965669389074 1.01339499682083 1.88795659812311 6.24926808323095 0.94603784195306 2.78461625944881 6.05493853750145 1.49047914374383 0.57764740807815 6.20863879956532 1.65884926107018 5.88110711115972 4.45954905493462 5.06404707045934 0.32107046902319 4.10156327093671 0.85949692180922 2.00466258032397 4.12909307485337 2.54695513457516 2.09178351982609 0.83339318776220 3.62788289902198 0.45027775978322 1.57372116555314 2.68770279387467 2.06852719100229 3.77777184288920 4.69940680324283 5.83285107213515 4.18248548860373 4.66555937219069 5.09303199854186 0.57685126198401 0.58381799506195 1.65234288609239 1.86781080092356 2.51135771023396 5.62884302967175 1.78547956265919 1.44244968517209 3.37725440380923 1.49785376370739 2.74281077094856 2.41322274483565 5.10769619737616 0.52605017195689 5.13502329962549 2.54700411988075 2.02993304895077 5.43417243372530 
3.99345994289813 4.95300190066115 3.36864641126377 1.75322690114008 4.04044929579164 4.14781771800614 1.67092134192898 2.66455893545846 3.58596517853620 5.99038903327810 4.13796599641052 1.85758674874800 4.47277098427284 2.22828328334099 3.37669556492583 1.60814425172642 0.03262049084099 5.40395255436785 3.83453814724416 5.23920782463234 5.43048541977301 4.49454963935102 0.52539504334190 2.54338888470784 1.81937775405488 3.61268570186793 5.77221625320746 5.53433938429690 0.19739792990797 3.16426813961625 5.54643165933121 6.03193462697646 2.30004661257451 5.58491922791189 4.33038795849537 0.82874768528599 4.32078517556389 0.15928152480947 5.94706461181596 3.10084661847047 0.08829946898813 5.61130580907877 0.00989963649602 0.03896998885133 1.76293013273454 1.76555074856071 3.18705217442517 1.91396822150917 0.73664245557291 4.49499162828693 2.99351553828390 3.09412242708296 5.58420445618985 3.37109356860437 0.91885305366572 1.36718261698580 4.35054768995242 1.51767896768066 4.97686464058110 2.39425529193267 1.34084048751476 5.68122833345724 3.18737480555466 1.26680530669429 1.75983574969041 1.88494195428804 2.07072029720791 2.06843355188792 3.64350894943714 0.45175544218954 0.53657998832978 5.32584437990041 4.23998204076354 6.19217665201609 2.70932198625537 5.28059028852322 3.48280807421569 2.26421095419966 0.61210543696891 0.34774386817537 5.77355040667585 
1.41786040495257 0.60810079233755 0.17403032969425 1.67502578587815 3.46751772606600 1.60231584290520 5.34345254504700 2.39508846379580 0.49350608861925 0.27358751298061 0.04720953704318 4.65396027311559 5.06504594929557 2.63242552188869 5.69651999373989 2.47346878482073 0.54809110824853 1.29441504586463 0.12415959111153 3.40727771206769 5.88533803065416 0.93931067126405 3.62449723584126 3.84444228897602 0.59345450494351 4.10763529651638 3.62331066427178 5.58250746743720 0.37998438967994 4.63443901945549 5.40827362302212 1.57727965684470 3.36184510069515 2.11986510314180 1.43642113015509 1.50201606498094 1.03691319734423 0.40802801248634 5.29732227638839 5.55146421904430 1.51253317408423 5.22893542566930 4.39649686581443 0.12562764006129 2.92964700579325 3.55165377256945 4.71125447855290 2.14681329587614 0.46742920730132 5.73161016681913 2.88321076120477 0.21833236228886 3.71475809694658 3.97284237155793 3.46499032431787 2.79857231884167 1.88676073679314 1.91965414004735 5.50177253056153 1.57532271014052 3.95269900075121 3.25303226866299 3.67840490943231 4.75409241879760 5.26761217978731 0.14346064018144 5.92480797797345 1.13673722090376 3.17067938804741 6.00056381310851 5.05141497707729 1.96656406010641 1.26931064062756 0.57847603168567 5.37232739513551 0.09210667235211 1.57705450213325 5.34198420208110 1.71703997812692 1.67645318811137 5.42858558122978 
4.99280442781704 3.24529013568375 1.44016687906822 5.11429425493768 1.13414137833297 3.23401650383567 3.15271596463442 4.54952598997245 2.60264549309661 4.50569578667055 3.04845938139518 2.30102044302212 0.04637621576301 4.12206520852200 1.73896093186909 1.63377459047592 2.64017039743801 0.51642563555243 1.23883358053883 3.45263319561745 4.86183522184363 2.52611596025591 3.41509719083206 3.33566459712400 1.68470207232499 3.46398392292672 2.84825517664798 4.06167493728080 5.69553345623650 4.03260777424875 3.62490710087906 3.28819962686158 5.06443910209002 4.16290876202587 4.62059727818480 4.14434602515949 2.84710551477509 3.94654413015421 2.85609319654005 4.59426326264068 6.19322839205081 3.40606294376430 3.85979309442190 3.63224088008623 3.09510586309018 0.89121511084641 4.91158498200024 3.95260618974300 2.37276225598276 3.58947770825963 1.42727963933443 4.85322018515063 1.82675217980664 0.07027435526482 4.37735747920421 5.69169983472330 1.57556552762492 5.33662101655131 1.83396457480981 6.14166216360357 4.11273339009970 2.79589729428445 0.28000904824979 0.34823277383575 1.93230624354818 4.27391555671448 5.38583916149257 3.90015844580123 5.52670251074692 5.44297449034309 5.54490902982399 2.26229566969536 1.04412202965858 4.59524863343234 0.75716233644431 2.08189953442423 3.61694297088412 4.55083439531200 5.48067458113163 2.03616423831549 4.65643893387623 
4.57169044879605 5.99884520912979 6.18128097806746 3.02006888412070 6.28236810205503 0.89019978067425 1.55121194604375 0.00638764302469 5.29743281490988 1.75907159822899 6.23508964876043 1.12463545360706 3.43318061440330 5.28746162935090 3.21512815104653 3.13072768786587 1.23536669065053 2.51509393818108 5.31204197535863 1.16827254696810 5.97356079413504 4.89019282271226 4.79328814266610 1.64216543541991 5.48323575465443 4.54000340094590 6.01376132159327 3.63502055367882 1.90644921201890 1.42113879292993 4.44812927701887 5.57622006113245 1.54548047123992 4.00724448274429 2.27259505386195 3.00568248803999 2.84123371474296 2.04801290444873 1.69730534045897 3.86541697528019 2.91846297814170 4.28897377835692 0.63080706275741 3.47461953257776 4.69721558483941 5.59708226435840 3.33958519995206 5.97340121347885 1.78142714950249 4.37753332087412 0.02581792829750 2.47320951571598 1.63629510295128 4.29819981956835 2.12338652796715 1.09746495040165 2.80922905843451 4.68511402070966 0.51733565943160 2.72809129227521 4.27139288119160 5.03772913972127 1.44632489882351 5.02236289285261 0.71905021175642 3.65312646137884 3.43254174207373 3.98382390691090 5.88064375631217 2.38172965794563 2.03498222020822 2.29375734497652 4.03544647388906 3.21436478329864 4.70584874627095 5.31295261222276 2.74530478742630 3.04527697371358 3.79987990883424 0.66234616709776 5.59000403835529 
0.91444886096754 3.28157908922020 6.14087210346063 0.34486366604575 2.58218536564182 3.04880093395741 1.78210639661881 3.82906563398614 2.44728028293051 1.53147765631942 4.88939327684256 4.13513323283117 1.85144425642324 4.99910881838442 5.71452201783241 1.12127058454915 4.77543054797609 4.56990160883752 0.72261902276599 2.04033942137828 2.12067749789406 4.04343220005508 2.59243310399980 4.27772064205104 1.39307268860045 2.14103702105511 3.46847054993143 4.50228652581195 2.19023360892465 0.67103379578013 6.09366115641160 1.78160772779815 3.60868411301016 4.07096303255331 3.52343417224134 2.37141938252489 1.92574637068303 3.18226961200304 3.75700450139627 3.31789482082683 1.23059616226684 3.20672818010924 5.97903293377408 5.71267192746277 5.80634248721861 5.30097014378203 2.25006423076880 5.70432539082657 1.25967983899263 0.67829075857798 4.32202190007428 5.23226506194559 5.91319593947597 1.73742235814822 4.91249707530091 1.66601574813938 0.50766576879336 3.15725702877106 3.37702571284393 2.81496064931161 0.34782068050798 0.59814049516210 2.59928366600351 3.79241691033458 4.41230649305171 2.07069062787979 1.39017657219390 3.55125450429740 4.57716660658780 4.09864395433373 5.65267160773044 0.90694408256296 5.68023105709021 3.14435016419779 4.38769190266366 5.88854879011659 3.48476928407303 0.91256874533139 2.03082420492829 1.81207187054057 4.22074937358412 
6.24269528525180 6.21108474898054 5.19990267403511 1.53290365831870 3.59793868284118 4.85551793085325 3.82413356298042 5.81693974227967 4.51734783867352 3.52325966179008 5.71436280753320 0.19219896351168 1.26841599913347 1.15801737998946 4.06025265163032 3.93757015164558 1.45834231008517 4.53214066311895 3.23519257145986 1.12180025461738 2.58690396188984 3.80926428627782 3.58316293164906 4.08941991432580 1.68248367778952 0.15947817908695 6.20480028611142 1.89167411678609 1.60379724705449 0.14616245146071 4.92811994823849 2.64790375709508 0.49879054570095 2.95827713525805 0.62287891597189 4.26834475778274 1.25536042447946 5.39749789652908 4.24763247774540 1.88130123533740 3.79822753229580 0.77716631955357 2.52346599761578 2.63718412757893 4.94391130248707 1.13798752875191 4.39261092071963 1.10761141048116 3.94499393512439 1.78878387062697 6.10118225635856 1.99815859082454 0.88030658501095 1.48457411690073 2.87931316568239 0.26213603493385 2.47601433540822 4.55552711458538 0.46594502845920 6.18192071199320 2.14683962215293 2.23444631951529 1.09253075984093 1.26337405516402 5.41562931400474 0.08391036657412 2.76421441203052 5.03600043886696 0.44448058286278 4.87893793300368 5.14744983781807 4.68868630065245 5.85485335485925 6.08109088369633 5.79644689416414 5.54065047440175 1.88560116583091 1.78367238986237 4.26732682471808 5.35984934066408 0.22518603374900 
3.70000859698152 0.56402004357544 0.38369103712610 5.81342199787622 4.09538250576029 2.83446175399476 4.13830965420370 2.32299907599567 2.36511346974625 1.52063169610711 2.41711967053496 5.10110316832337 1.03418678922529 5.09130300860768 6.08919012584569 3.04432216510446 0.30275765649936 3.73497300334918 1.64880245666834 2.83519416510693 0.64979737688481 2.25543779232836 1.75781969539562 5.29757823081776 2.49516118885378 1.30748669113534 5.64207576861045 1.18606171343702 2.11986446386888 5.63520768492431 0.69613917940511 1.94466831358104 2.56509206548793 5.42689521331037 1.30853431809647 1.73881822577507 4.89291846392502 2.51826395007237 0.89346055432737 4.20096408516312 0.25451691111803 3.61484432267853 0.94568835582198 0.17488092622610 1.71807532194539 5.06255583989262 5.56993442259226 2.59571081877074 5.41486998184091 4.23773785583631 5.07938784582352 5.66733013333185 3.07623766790891 3.11621491756113 2.62569017302568 1.33387227237959 1.15511356937655 3.02521352674662 0.06127376277312 4.64105949499228 2.86668799941825 4.72011676878274 5.32792754733166 6.24081352915549 5.67728098787888 1.63265188738376 2.86949460453174 3.45476470773393 4.23724946433026 0.19262678907525 4.60101536392828 5.95517169267972 3.76407955722478 2.11447737587967 5.05362437643843 1.55303282027805 5.63534675203945 0.32009198215322 3.60150375349732 2.32995924841007 2.52950611937067 
3.22142818875181 5.35009119993188 4.60338183516185 4.89776751820413 5.65846584579721 4.12433795962190 5.71989226070146 0.68077241965086 1.90357184393847 4.62982973279367 5.59025399790718 1.61244010537749 4.04766061486638 5.35074120158885 0.91813704655662 2.58206413968914 2.36719929003897 3.78790539739619 2.85607756326338 3.49930281213328 0.93810389613719 4.35113731316629 4.46431722444961 3.01256155577931 3.29355226159257 2.20403413192102 1.40480150677175 0.66086310220460 1.89647780416110 3.85852018262284 5.31629720422977 3.50185769071232 0.39050579580075 4.10168010196685 5.19676832260795 3.08483623995495 0.75231410261360 1.19548890047672 4.29974533431284 5.28213300688154 3.90409813444480 6.25274592763990 3.70836270789175 1.21033235773086 3.54819022242474 3.62258310839712 3.65100925440932 5.77180812753019 2.25061790155052 2.80620351506604 5.07357406906671 3.69218337791213 0.91045520375315 5.63116021717235 1.93308068726627 6.25111119116614 4.11086020495057 3.75687662511864 5.85512070053384 1.67763770749862 3.97542673508080 4.03102193884797 1.23206774326066 5.19287132832347 0.55891085121639 5.84631206956922 0.29991166836611 0.29167521632938 2.39606002431629 1.27778813726518 5.74448388036046 2.96628825993819 1.97305571239195 0.96999784272219 5.80360470578764 2.49652886664392 1.26893559394199 4.53343040714439 3.40169823453108 6.28078719791694 0.48476478865278 
5.72270397810872 0.88920089218105 0.87293388911165 6.12660100623095 5.02583695900830 2.56209876055899 3.75596267289444 4.92296633865716 5.92030470334756 1.52760084303601 0.74121549742774 3.76360973660205 1.90444681269515 4.95839823855046 6.19626638237271 0.70340357998833 0.72960205329895 2.28979346376450 1.28622664939395 0.39943122977300 1.70703362105402 2.36902257614840 0.88818513684644 3.25908282474095 3.49761533933589 3.67582052537568 3.47272929340818 0.52636464061945 0.36202332849738 3.87088650207992 6.21763651368597 1.12096931387764 6.18860741775823 2.77601364208822 0.16755106565481 5.92606216323510 4.07281136881654 2.54532265124728 4.15978841774346 5.03122691992447 1.01518670668937 1.97623405438457 1.88293993331560 5.25313769639344 5.27052443389661 5.94614679000151 4.66559895801319 1.56374221647491 5.83132154010451 2.83770443220027 6.23416020741132 4.22980629999796 5.56383947150020 1.75658819466087 3.43426145694021 2.22695967843854 1.40192367283051 5.24168733361021 2.01948935900467 5.51902406827957 1.61976783164879 1.91835004501468 0.19605171078978 0.74257255233715 2.54961007745924 2.90667828992992 0.98082968887804 4.69464644017133 1.05259869170815 2.20490751641329 1.35148836200229 3.15634339830658 5.94580016846998 6.26015821370798 0.40829187196103 1.62749928944612 1.97416253597573 3.24173838732618 5.26582216623311 6.07523997747837 6.23811935048423 
0.05117046336587 1.38846199908118 1.52634995259771 1.97280145910805 6.20053204720870 2.22485315453377 3.59608829912960 5.48336386360661 6.16052767807116 1.10842355183468 1.53534494110472 2.52350044679268 3.96076714414672 1.58217110414757 5.21997538528317 4.62259216625916 2.06170228702642 4.56705939163666 2.73448863531789 3.34166838132602 1.10176858908542 5.41387768455438 1.04114615046640 0.60942378112372 2.98795984739220 1.15900477863474 4.61259438473507 1.51928303114266 3.17538150671310 2.31210474842608 4.08392387377602 0.20065560069882 6.14390295164517 3.42973196423531 1.80607975212961 2.83960687072455 2.69597071174386 5.11374301346201 4.29886681556093 2.00744719223409 1.20987298845865 6.08033624241398 0.09051751959241 1.19633175410567 3.00679759442910 3.85372763088911 4.93334005148497 0.11941673734024 1.16253588758200 5.47178877608382 4.41498387184568 5.01110985111024 5.86392560400979 4.90415821537831 0.64955930873348 4.63668343548393 3.52782709641313 2.61517893151931 0.32026083288280 3.45104528185946 4.24164743717642 0.70060361383899 5.58979448800258 5.59240158708757 5.25291596120686 0.07066675128422 4.95639030447026 6.05312951856442 1.32523527182919 0.57678701510786 4.21763940866045 4.72550916710460 1.45247486360961 2.19948388012178 0.27532624514326 1.11783735911192 2.12131420527749 0.52351560036963 5.06081590889023 4.72307858751897 5.55730824924540 
2.98449039382200 3.85200993943097 4.29712915338389 1.60906755356254 1.71760691241321 2.49160703031394 0.28993035165401 3.58572162500249 5.91463357007045 2.86127331546848 0.23114967716350 4.58577673354471 2.71631577889578 4.13873379136044 4.29638411231491 1.85059630146003 5.18563601352010 2.03678219652927 3.05127868491195 4.37534911262896 0.73982864800391 4.46478943577010 2.19200298169288 3.32698276055860 5.90320547924881 2.33004207594083 2.77799383338218 4.35506607242116 5.53729575846713 5.21843282948812 1.65008153674412 6.11097014814910 5.53197754136705 6.21285477336312 0.13090261578050 0.68236200762279 5.89382337240606 3.52070268115233 1.05820310812747 5.14536720947473 5.98788489129020 4.78245565103027 0.15828761035829 4.59300440084531 4.72964868027470 1.20323364335885 4.37377439181532 1.15345908428700 2.59864653764384 3.69250629754851 3.03630012900664 4.63068840857167 4.78035357894588 6.21869137403555 0.51053823474924 1.79130568388870 4.07304779577249 3.61041651923746 2.35905281983029 1.19496764228796 2.51986325772239 4.78358623645684 3.29605030948081 3.43817233393854 1.55242449506004 5.40612060332902 5.98983859729931 0.69136971761562 1.73865509417140 0.83678337965187 0.52810278499129 4.95587614635816 5.66124175741218 0.87962989263486 2.00339497203778 1.29906752219006 5.78878904378282 3.57927129400076 1.62143512635442 2.17888186790447 5.88744951135819 
